year,continent,country,total_estimated_economic_loss_usd_per_hectare,avg_yield_loss_percent,avg_food_security_impact_score
2026,Africa,Egypt,2651692.17,40.833175675675676,59.20878378378378
2026,Africa,Ethiopia,2808879.03,43.865405405405404,61.18412162162162
2026,Africa,Ghana,2688027.94,42.031621621621625,59.21695945945946
2026,Africa,Kenya,2673003.96,43.90067567567568,60.81324324324325
2026,Africa,Morocco,2712477.59,42.053243243243244,60.12560810810811
2026,Africa,Nigeria,2773772.69,44.33175675675676,61.3772972972973
2026,Africa,South Africa,2613843.65,40.215202702702705,58.699121621621615
2026,Asia,Bangladesh,2726160.74,44.076283783783786,60.12405405405406
2026,Asia,China,2866063.46,40.77905405405406,56.90067567567567
2026,Asia,India,2579499.6,43.572162162162165,60.8
2026,Asia,Indonesia,2470387.4,42.75655405405406,58.6222972972973
2026,Asia,Iran,2610966.05,40.87891891891892,59.423986486486484
2026,Asia,Pakistan,2658298.85,40.91155405405405,59.17993243243243
2026,Asia,Thailand,2851326.5100000002,43.74648648648648,61.22459459459459
2026,Asia,Turkey,2605699.91,39.75972972972973,55.97668918918919
2026,Asia,Vietnam,2579430.99,43.69358108108108,59.46648648648648
2026,Europe,France,2683566.55,40.63560810810811,56.63986486486487
2026,Europe,Germany,2557193.87,40.33560810810811,57.03567567567568
2026,Europe,Italy,2805558.45,40.53689189189189,56.83871621621621
2026,Europe,Spain,2901370.11,40.62885135135135,57.23425675675676
2026,Europe,Ukraine,2673071.62,39.78074324324324,56.675337837837844
2026,North America,Canada,2669719.12,37.99554054054054,53.116283783783786
2026,North America,Mexico,2696086.93,44.195,62.884121621621624
2026,North America,USA,2590482.4,41.83128378378378,58.25547297297297
2026,Oceania,Australia,2571470.92,41.03418918918919,59.5152027027027
2026,Oceania,New Zealand,2684478.48,41.95628378378378,58.237229729729734
2026,Oceania,Papua New Guinea,2932803.55,43.520135135135135,59.31716216216216
2026,South America,Argentina,2462484.88,39.913513513513514,56.258918918918916
2026,South America,Brazil,2809688.44,42.49952702702703,59.12141891891891
2026,South America,Colombia,2715433.99,43.3456081081081,60.89304054054054
2029,Africa,Egypt,2672177.81,40.87898648648649,59.33155405405405
2029,Africa,Ethiopia,2707439.38,44.08493243243243,61.105405405405406
2029,Africa,Ghana,2805090.14,44.44202702702703,61.447297297297304
2029,Africa,Kenya,2667288.52,44.119527027027026,61.11310810810811
2029,Africa,Morocco,2866311.82,41.641824324324325,59.763513513513516
2029,Africa,Nigeria,2634036.0100000002,43.520405405405405,60.44121621621621
2029,Africa,South Africa,2778456.85,41.655270270270265,59.890472972972965
2029,Asia,Bangladesh,2735052.33,42.7168918918919,58.32432432432432
2029,Asia,China,3068072.65,39.7927027027027,56.072162162162165
2029,Asia,India,2678007.76,43.36844594594594,60.68277027027027
2029,Asia,Indonesia,2852242.56,43.369662162162165,58.855405405405406
2029,Asia,Iran,2509428.53,40.58635135135135,59.10108108108108
2029,Asia,Pakistan,2847720.04,41.273648648648646,59.80385135135135
2029,Asia,Thailand,2661498.15,43.402567567567566,60.08567567567568
2029,Asia,Turkey,2639433.97,41.153851351351356,57.88905405405406
2029,Asia,Vietnam,2708932.76,44.1179054054054,59.80378378378378
2029,Europe,France,2713956.55,40.93418918918919,57.25364864864866
2029,Europe,Germany,2578602.71,40.523648648648646,57.43655405405406
2029,Europe,Italy,2700958.94,40.14202702702703,56.72513513513513
2029,Europe,Spain,2513868.41,40.42594594594595,56.611216216216214
2029,Europe,Ukraine,2801147.16,41.33810810810811,58.04594594594594
2029,North America,Canada,2527891.26,38.445810810810805,53.30067567567568
2029,North America,Mexico,2868324.55,43.90817567567567,62.09371621621622
2029,North America,USA,2826418.58,39.78709459459459,56.346081081081074
2029,Oceania,Australia,2558028.17,41.62885135135135,60.13263513513513
2029,Oceania,New Zealand,2824604.14,41.590067567567566,58.22533783783784
2029,Oceania,Papua New Guinea,2828020.5100000002,43.336824324324326,59.30047297297297
2029,South America,Argentina,2479206.1,39.62844594594595,55.75763513513513
2029,South America,Brazil,2662669.42,43.207770270270274,60.310743243243245
2029,South America,Colombia,2783287.3,44.141351351351354,61.39364864864865
2030,Africa,Egypt,2474421.69,42.197094594594596,61.03682432432433
2030,Africa,Ethiopia,2564735.19,43.31641891891892,60.07189189189189
2030,Africa,Ghana,2533818.41,43.042567567567566,60.07912162162162
2030,Africa,Kenya,2785633.16,44.263851351351356,61.27513513513513
2030,Africa,Morocco,2716897.83,41.52108108108108,60.15844594594595
2030,Africa,Nigeria,2947075.7199999997,43.0293918918919,59.98817567567568
2030,Africa,South Africa,2855524.19,41.932567567567574,60.069527027027036
2030,Asia,Bangladesh,2904755.51,43.630067567567565,59.16128378378379
2030,Asia,China,2630046.45,40.939527027027026,57.48662162162162
2030,Asia,India,2657636.57,44.28472972972973,61.34452702702703
2030,Asia,Indonesia,2821118.0,44.64628378378378,60.667432432432435
2030,Asia,Iran,2580624.2,40.6625,59.009594594594596
2030,Asia,Pakistan,2879735.7,41.87493243243243,60.20155405405406
2030,Asia,Thailand,2671954.84,43.946824324324325,61.24141891891892
2030,Asia,Turkey,2552274.11,40.46331081081081,56.817567567567565
2030,Asia,Vietnam,2609470.39,43.12101351351351,58.68682432432432
2030,Europe,France,2634611.58,40.54385135135135,57.20290540540541
2030,Europe,Germany,2741014.31,41.16864864864865,57.86567567567568
2030,Europe,Italy,2740019.11,39.407229729729735,55.59513513513514
2030,Europe,Spain,2489126.78,40.77378378378378,57.02412162162162
2030,Europe,Ukraine,2808714.45,41.08216216216216,57.523513513513514
2030,North America,Canada,2543568.45,38.487972972972976,53.7747972972973
2030,North America,Mexico,2677404.92,43.50094594594595,62.31121621621621
2030,North America,USA,2652588.62,40.85493243243243,57.012229729729725
2030,Oceania,Australia,2628112.71,41.37121621621621,59.58986486486486
2030,Oceania,New Zealand,2709103.13,40.32736486486486,56.83709459459459
2030,Oceania,Papua New Guinea,2729245.4,42.6,58.17641891891892
2030,South America,Argentina,2422659.32,39.995067567567574,56.766283783783784
2030,South America,Brazil,2686504.4,43.77439189189189,60.97135135135135
2030,South America,Colombia,2785378.84,42.611554054054054,60.094189189189194
2032,Africa,Egypt,2713930.11,42.181554054054054,60.818378378378384
2032,Africa,Ethiopia,2804022.45,43.902905405405406,60.75405405405406
2032,Africa,Ghana,2788191.55,43.47087837837837,60.473108108108114
2032,Africa,Kenya,2706194.8,44.237162162162164,61.35682432432432
2032,Africa,Morocco,2513118.03,41.25445945945946,59.71628378378379
2032,Africa,Nigeria,2813967.35,43.99378378378378,61.06540540540541
2032,Africa,South Africa,2592952.42,39.990675675675675,58.15371621621622
2032,Asia,Bangladesh,2543307.86,42.700067567567565,58.38945945945945
2032,Asia,China,2518836.6,40.443445945945946,57.03263513513514
2032,Asia,India,2777919.62,43.71054054054054,60.885405405405415
2032,Asia,Indonesia,2965778.13,43.34851351351351,58.9081081081081
2032,Asia,Iran,2832658.11,41.91614864864865,60.321351351351346
2032,Asia,Pakistan,2572320.71,39.76736486486486,58.08432432432432
2032,Asia,Thailand,2847716.45,43.645675675675676,60.45344594594595
2032,Asia,Turkey,2481773.21,40.22554054054054,56.70898648648649
2032,Asia,Vietnam,2903129.45,43.07804054054054,59.01722972972973
2032,Europe,France,2850008.36,40.406283783783785,56.95932432432432
2032,Europe,Germany,2660879.84,40.663783783783785,56.915
2032,Europe,Italy,2624986.82,39.96554054054054,56.328108108108104
2032,Europe,Spain,2645794.04,41.2097972972973,57.4558108108108
2032,Europe,Ukraine,2623761.99,40.946689189189186,57.679121621621626
2032,North America,Canada,2451588.56,38.65101351351352,54.66844594594595
2032,North America,Mexico,2691855.67,43.627364864864866,62.24736486486487
2032,North America,USA,2716428.27,40.93628378378378,57.5854054054054
2032,Oceania,Australia,2679774.28,41.031891891891895,59.72391891891891
2032,Oceania,New Zealand,2696925.61,40.86324324324325,57.090202702702705
2032,Oceania,Papua New Guinea,2642417.67,42.78831081081081,58.726621621621625
2032,South America,Argentina,2790162.09,41.388581081081085,57.95202702702702
2032,South America,Brazil,2834911.07,43.33331081081081,60.38168918918919
2032,South America,Colombia,2779584.92,43.64074324324324,60.91486486486486
2035,Africa,Egypt,2768982.9,41.38108108108108,59.88905405405406
2035,Africa,Ethiopia,2515025.81,42.479662162162164,60.06148648648649
2035,Africa,Ghana,2515438.17,43.40141891891892,60.60635135135135
2035,Africa,Kenya,2681224.17,42.31709459459459,59.62155405405405
2035,Africa,Morocco,2524167.2600000002,40.58567567567568,58.79993243243243
2035,Africa,Nigeria,2676823.7,43.8279054054054,60.75351351351352
2035,Africa,South Africa,2603851.56,40.29283783783784,58.5997972972973
2035,Asia,Bangladesh,2742558.44,43.46067567567568,59.442364864864864
2035,Asia,China,2677055.91,40.07256756756757,56.60756756756757
2035,Asia,India,2925684.44,43.88567567567568,60.929256756756764
2035,Asia,Indonesia,2474529.68,44.04141891891892,59.90756756756757
2035,Asia,Iran,2556286.15,41.17297297297298,60.21263513513513
2035,Asia,Pakistan,2548333.57,40.81567567567568,59.342770270270265
2035,Asia,Thailand,2658874.85,43.87763513513514,61.14074324324324
2035,Asia,Turkey,2669409.88,40.42594594594595,56.71952702702703
2035,Asia,Vietnam,2823732.21,42.414054054054056,58.318851351351356
2035,Europe,France,2630752.88,41.80560810810811,58.33425675675675
2035,Europe,Germany,2583292.72,40.417162162162164,56.814324324324325
2035,Europe,Italy,2619804.97,41.111824324324324,57.43216216216216
2035,Europe,Spain,2653824.26,40.97743243243243,57.429121621621626
2035,Europe,Ukraine,2559679.16,39.899054054054055,56.09844594594595
2035,North America,Canada,2551049.41,39.1945945945946,54.79027027027027
2035,North America,Mexico,2699007.42,43.23628378378378,61.53337837837838
2035,North America,USA,2351689.12,40.23216216216216,56.7095945945946
2035,Oceania,Australia,2750824.69,41.387702702702704,60.087432432432436
2035,Oceania,New Zealand,2527038.23,40.82655405405406,57.120202702702706
2035,Oceania,Papua New Guinea,2634461.64,42.73547297297298,58.167094594594595
2035,South America,Argentina,2570499.22,40.1025,56.96060810810811
2035,South America,Brazil,2754255.78,43.998513513513515,61.21317567567567
2035,South America,Colombia,2828064.11,44.11060810810811,61.26668918918919
2038,Africa,Egypt,2823981.32,40.98027027027027,58.97452702702702
2038,Africa,Ethiopia,2785022.06,42.939054054054054,59.91547297297297
2038,Africa,Ghana,2769547.29,42.61074324324325,59.6795945945946
2038,Africa,Kenya,2772739.7,43.127364864864866,60.33506756756757
2038,Africa,Morocco,2703973.8,41.29716216216216,59.630608108108106
2038,Africa,Nigeria,2655135.95,42.30398648648649,59.50783783783784
2038,Africa,South Africa,2533269.62,41.84594594594594,60.56675675675675
2038,Asia,Bangladesh,2751930.08,43.17986486486486,58.53391891891892
2038,Asia,China,2441264.12,40.20918918918919,56.6795945945946
2038,Asia,India,2732411.74,44.51905405405405,61.86405405405405
2038,Asia,Indonesia,2772900.63,41.25,56.85256756756757
2038,Asia,Iran,2746489.0,41.388581081081085,59.61060810810811
2038,Asia,Pakistan,2753078.46,41.924932432432435,60.78189189189189
2038,Asia,Thailand,2712828.2,43.057229729729734,60.045540540540536
2038,Asia,Turkey,2577179.53,39.37689189189189,55.74972972972972
2038,Asia,Vietnam,2646115.49,42.67277027027027,58.73601351351351
2038,Europe,France,2591270.3,40.19148648648649,56.635
2038,Europe,Germany,2671034.01,39.66587837837838,55.895472972972975
2038,Europe,Italy,2670672.46,41.92527027027027,58.66925675675675
2038,Europe,Spain,2741813.86,41.976554054054056,58.074729729729725
2038,Europe,Ukraine,2732557.33,41.39824324324324,58.27087837837838
2038,North America,Canada,2511191.52,37.2577027027027,52.351283783783785
2038,North America,Mexico,2718760.22,43.53472972972973,62.05695945945946
2038,North America,USA,2599921.96,39.65391891891892,56.12635135135135
2038,Oceania,Australia,2732653.4,41.79297297297297,60.675
2038,Oceania,New Zealand,2572229.93,40.02912162162163,56.619256756756755
2038,Oceania,Papua New Guinea,2810605.99,42.512837837837836,58.16283783783784
2038,South America,Argentina,2747483.39,41.04114864864865,57.65371621621622
2038,South America,Brazil,2788988.31,44.65371621621622,61.29344594594595
2038,South America,Colombia,2949434.25,42.909662162162164,60.216351351351356
2041,Africa,Egypt,2556433.13,40.44405405405406,58.723040540540545
2041,Africa,Ethiopia,2725840.7199999997,43.72493243243243,61.16222972972973
2041,Africa,Ghana,2704734.79,42.611891891891894,59.96952702702703
2041,Africa,Kenya,2927920.1,43.68337837837838,60.76770270270271
2041,Africa,Morocco,2574943.19,41.292635135135136,59.43885135135135
2041,Africa,Nigeria,2790183.08,44.07777027027027,61.23939189189189
2041,Africa,South Africa,2500619.72,41.41189189189189,59.663783783783785
2041,Asia,Bangladesh,2684783.73,42.4127027027027,57.79331081081081
2041,Asia,China,2733811.63,40.22114864864865,56.57432432432432
2041,Asia,India,2708464.86,43.86736486486486,61.14385135135136
2041,Asia,Indonesia,2937857.53,43.160135135135135,59.197770270270276
2041,Asia,Iran,2575107.91,41.95574324324324,60.067297297297294
2041,Asia,Pakistan,2838465.3,41.57851351351351,60.35270270270271
2041,Asia,Thailand,2853226.62,44.28378378378378,61.508445945945944
2041,Asia,Turkey,2647058.4899999998,40.97939189189189,57.65013513513513
2041,Asia,Vietnam,2636405.7,41.903243243243246,57.630608108108106
2041,Europe,France,2530807.02,40.84182432432433,57.068378378378384
2041,Europe,Germany,2673220.75,39.62047297297297,56.12628378378379
2041,Europe,Italy,2575612.35,41.681216216216214,58.133243243243236
2041,Europe,Spain,2721245.29,40.79047297297297,57.332905405405405
2041,Europe,Ukraine,2553582.59,39.5822972972973,56.20222972972973
2041,North America,Canada,2469509.4699999997,38.475743243243244,54.46351351351352
2041,North America,Mexico,2832664.73,44.87425675675676,63.832027027027024
2041,North America,USA,2789774.42,40.741283783783786,57.2997972972973
2041,Oceania,Australia,2726606.78,40.964256756756754,59.67763513513513
2041,Oceania,New Zealand,2747269.61,40.83554054054054,57.31587837837838
2041,Oceania,Papua New Guinea,2577324.33,42.61358108108109,58.72398648648648
2041,South America,Argentina,2529911.79,39.7877027027027,56.439189189189186
2041,South America,Brazil,2735425.81,43.43108108108108,61.13675675675675
2041,South America,Colombia,2692587.74,44.01493243243243,61.14013513513513
2044,Africa,Egypt,2554239.79,40.52972972972973,58.79709459459459
2044,Africa,Ethiopia,2717575.29,43.64554054054054,61.03777027027027
2044,Africa,Ghana,2641737.57,43.16195945945946,59.95331081081081
2044,Africa,Kenya,2761867.65,43.71743243243243,60.741689189189195
2044,Africa,Morocco,2462009.11,40.35209459459459,59.155810810810806
2044,Africa,Nigeria,2838054.18,44.83581081081081,62.09094594594594
2044,Africa,South Africa,2603467.26,40.78263513513514,59.57628378378378
2044,Asia,Bangladesh,2542284.02,42.8204054054054,59.07831081081081
2044,Asia,China,2593936.52,40.692364864864864,57.578581081081076
2044,Asia,India,2772421.51,43.2747972972973,60.499121621621626
2044,Asia,Indonesia,2622411.35,42.98297297297297,58.4622972972973
2044,Asia,Iran,2758027.4,41.43763513513514,60.251621621621624
2044,Asia,Pakistan,2732961.45,41.51966216216216,60.08777027027027
2044,Asia,Thailand,2841516.29,44.11885135135135,61.295405405405404
2044,Asia,Turkey,2699162.57,39.89304054054054,56.35331081081082
2044,Asia,Vietnam,2577752.62,42.44527027027027,58.56527027027027
2044,Europe,France,2472795.38,41.04128378378378,57.8204054054054
2044,Europe,Germany,2678794.52,41.21804054054054,57.634662162162165
2044,Europe,Italy,2557185.23,40.68891891891892,56.950472972972975
2044,Europe,Spain,2792508.71,41.92108108108108,58.71878378378378
2044,Europe,Ukraine,2785358.34,40.01135135135135,56.435878378378376
2044,North America,Canada,2596887.38,38.33155405405405,53.88743243243243
2044,North America,Mexico,2902271.43,43.388243243243245,61.840135135135135
2044,North America,USA,2513495.64,40.43378378378378,56.872567567567565
2044,Oceania,Australia,2681765.03,41.79797297297298,59.980405405405406
2044,Oceania,New Zealand,2713811.77,39.51087837837838,56.08858108108109
2044,Oceania,Papua New Guinea,2620710.22,43.212094594594596,58.87641891891892
2044,South America,Argentina,2588843.79,40.93804054054054,57.78945945945946
2044,South America,Brazil,2546357.1,44.08216216216216,61.47283783783784
2044,South America,Colombia,2627820.81,43.63898648648649,60.68310810810811
2047,Africa,Egypt,2777536.06,41.97878378378378,60.57006756756757
2047,Africa,Ethiopia,2756990.43,43.62114864864865,60.296216216216216
2047,Africa,Ghana,2738386.63,43.96060810810811,61.26932432432433
2047,Africa,Kenya,2563945.91,43.44898648648648,60.806824324324324
2047,Africa,Morocco,2378521.8,40.81054054054054,59.530202702702695
2047,Africa,Nigeria,2625418.56,42.576283783783786,59.89310810810811
2047,Africa,South Africa,2817987.27,41.16851351351351,59.8193918918919
2047,Asia,Bangladesh,2839954.33,44.51885135135135,60.4043918918919
2047,Asia,China,2617772.8,40.73222972972973,57.12445945945946
2047,Asia,India,2737181.62,43.68689189189189,60.84540540540541
2047,Asia,Indonesia,2787971.15,41.84898648648648,57.15952702702703
2047,Asia,Iran,2733522.06,41.39722972972973,59.73810810810811
2047,Asia,Pakistan,2678894.08,40.91256756756757,59.5054054054054
2047,Asia,Thailand,2806862.38,43.861486486486484,61.10047297297298
2047,Asia,Turkey,2687624.18,39.545540540540536,55.884797297297304
2047,Asia,Vietnam,2557851.94,42.042297297297296,57.65689189189189
2047,Europe,France,2778577.26,41.32743243243243,58.177702702702696
2047,Europe,Germany,2703262.74,41.130067567567565,57.64141891891892
2047,Europe,Italy,2612169.37,40.06493243243243,56.38925675675676
2047,Europe,Spain,2664162.96,40.303445945945946,56.5904054054054
2047,Europe,Ukraine,2391251.01,39.42324324324325,55.39006756756756
2047,North America,Canada,2223297.87,37.95648648648649,53.30777027027027
2047,North America,Mexico,2858750.71,44.29763513513514,62.986554054054054
2047,North America,USA,2640172.75,40.159256756756754,56.52635135135135
2047,Oceania,Australia,2736462.22,41.52243243243243,59.4527027027027
2047,Oceania,New Zealand,2685895.63,40.9779054054054,57.47547297297298
2047,Oceania,Papua New Guinea,2862781.02,42.751689189189186,58.227162162162166
2047,South America,Argentina,2619157.05,41.03567567567568,58.30067567567568
2047,South America,Brazil,2630895.66,44.47689189189189,61.476283783783785
2047,South America,Colombia,2744793.03,43.560878378378376,60.413851351351354
2050,Africa,Egypt,2550585.46,42.15013513513514,60.63702702702703
2050,Africa,Ethiopia,2699481.82,42.76472972972973,59.98141891891892
2050,Africa,Ghana,2603397.8,43.851216216216216,61.410608108108114
2050,Africa,Kenya,3012658.43,44.248378378378376,61.57304054054054
2050,Africa,Morocco,2741589.4,41.24141891891892,59.37472972972974
2050,Africa,Nigeria,2953171.8,43.93364864864865,61.405743243243236
2050,Africa,South Africa,2784324.85,41.30824324324324,59.8277027027027
2050,Asia,Bangladesh,2548329.73,42.56689189189189,58.574662162162156
2050,Asia,China,2651019.67,40.83202702702703,57.520135135135135
2050,Asia,India,2579817.66,43.78405405405405,61.056216216216214
2050,Asia,Indonesia,2860380.34,43.29513513513514,59.168581081081086
2050,Asia,Iran,2693324.41,40.70304054054054,59.23412162162162
2050,Asia,Pakistan,2987746.81,41.74324324324324,60.328648648648645
2050,Asia,Thailand,2726285.52,44.013040540540544,61.27081081081081
2050,Asia,Turkey,2734040.08,39.13891891891892,56.01128378378378
2050,Asia,Vietnam,2679572.64,42.740878378378376,58.50364864864864
2050,Europe,France,2574567.18,40.133108108108104,56.70222972972973
2050,Europe,Germany,2509834.2,40.5227027027027,56.96047297297297
2050,Europe,Italy,2547851.65,40.65331081081081,57.03047297297297
2050,Europe,Spain,2663773.86,40.097297297297295,56.752432432432435
2050,Europe,Ukraine,2646586.11,41.39439189189189,58.229797297297296
2050,North America,Canada,2718465.98,37.883716216216214,53.35297297297297
2050,North America,Mexico,2889556.79,45.50885135135135,64.00479729729729
2050,North America,USA,2549200.12,41.431891891891894,57.98229729729729
2050,Oceania,Australia,2628208.15,40.50675675675676,59.255810810810814
2050,Oceania,New Zealand,2709884.82,40.66554054054054,57.23216216216217
2050,Oceania,Papua New Guinea,2672407.11,42.700608108108106,58.74743243243244
2050,South America,Argentina,2585705.11,40.10027027027027,56.24202702702703
2050,South America,Brazil,2734493.88,43.72824324324324,60.75945945945946
2050,South America,Colombia,2743313.96,44.026756756756754,61.307567567567574
2053,Africa,Egypt,2451867.85,41.148581081081076,59.805472972972964
2053,Africa,Ethiopia,2685434.57,44.51081081081081,61.6208108108108
2053,Africa,Ghana,2802193.17,44.91804054054054,62.278378378378385
2053,Africa,Kenya,2876800.56,43.817364864864864,61.384594594594596
2053,Africa,Morocco,2622274.14,41.5527027027027,60.663986486486486
2053,Africa,Nigeria,2943003.12,42.97094594594594,59.798986486486484
2053,Africa,South Africa,2706523.48,41.22527027027027,59.445878378378374
2053,Asia,Bangladesh,2588042.69,42.3772972972973,58.11168918918919
2053,Asia,China,2621757.92,40.905337837837834,57.22101351351352
2053,Asia,India,3010681.33,43.29635135135135,60.616621621621626
2053,Asia,Indonesia,2544680.7,43.854594594594595,59.89398648648648
2053,Asia,Iran,2683983.9,41.09128378378379,59.684391891891885
2053,Asia,Pakistan,2686476.48,42.34932432432432,61.45155405405406
2053,Asia,Thailand,2924776.69,43.85060810810811,60.65790540540541
2053,Asia,Turkey,2545977.1,40.5622972972973,56.97844594594594
2053,Asia,Vietnam,2980451.37,43.85054054054054,59.77641891891892
2053,Europe,France,2421273.98,40.92668918918919,57.792229729729726
2053,Europe,Germany,2862044.35,40.86554054054054,57.37398648648649
2053,Europe,Italy,2743857.52,40.39797297297297,56.491621621621626
2053,Europe,Spain,2791859.36,41.387567567567565,57.9075
2053,Europe,Ukraine,2745970.65,40.53743243243243,56.952432432432424
2053,North America,Canada,2660077.29,38.19405405405406,53.704054054054055
2053,North America,Mexico,2742723.86,45.09486486486487,63.473108108108114
2053,North America,USA,2443720.83,40.62567567567568,57.559999999999995
2053,Oceania,Australia,2621380.61,41.410000000000004,59.762364864864864
2053,Oceania,New Zealand,2563786.26,39.818445945945946,55.96398648648649
2053,Oceania,Papua New Guinea,2805988.69,43.737635135135136,59.58932432432432
2053,South America,Argentina,2506479.95,39.98506756756757,56.53067567567568
2053,South America,Brazil,2894859.83,42.2179054054054,59.24060810810811
2053,South America,Colombia,2603780.84,44.421283783783785,61.405
2056,Africa,Egypt,2723654.14,40.70668918918919,59.08864864864866
2056,Africa,Ethiopia,2872849.17,44.185472972972974,61.58662162162162
2056,Africa,Ghana,2598426.78,43.3670945945946,60.83013513513514
2056,Africa,Kenya,2625755.33,42.30527027027027,59.61243243243243
2056,Africa,Morocco,2712847.21,40.924054054054054,59.45831081081081
2056,Africa,Nigeria,2738313.14,43.6581081081081,61.26668918918919
2056,Africa,South Africa,2688933.09,41.12317567567568,59.38898648648649
2056,Asia,Bangladesh,2692810.12,43.59513513513514,59.450540540540544
2056,Asia,China,2646398.72,41.560135135135134,58.12243243243244
2056,Asia,India,2828584.77,44.71797297297297,61.7195945945946
2056,Asia,Indonesia,2611724.45,41.792229729729726,57.693918918918925
2056,Asia,Iran,2541674.81,41.927229729729724,60.160472972972975
2056,Asia,Pakistan,2572214.37,40.93405405405405,59.74668918918919
2056,Asia,Thailand,2765296.54,43.284256756756754,60.432635135135136
2056,Asia,Turkey,2739178.36,40.2497972972973,56.60189189189189
2056,Asia,Vietnam,2886248.32,43.108108108108105,58.638648648648655
2056,Europe,France,2492477.0,40.43837837837838,57.09540540540541
2056,Europe,Germany,2498897.02,40.06709459459459,56.602162162162166
2056,Europe,Italy,2803258.49,40.35,56.65621621621622
2056,Europe,Spain,2548192.0300000003,40.63081081081081,56.925202702702705
2056,Europe,Ukraine,2528671.06,42.28628378378378,58.92
2056,North America,Canada,2497893.55,37.49304054054054,53.14641891891892
2056,North America,Mexico,2781429.85,43.424324324324324,61.410405405405406
2056,North America,USA,2473733.88,39.785540540540545,55.73222972972974
2056,Oceania,Australia,2572816.05,40.699797297297295,59.376418918918915
2056,Oceania,New Zealand,2759635.81,41.887297297297295,58.41932432432432
2056,Oceania,Papua New Guinea,2689425.26,42.81945945945946,58.83060810810811
2056,South America,Argentina,2847042.04,40.48783783783784,57.39270270270271
2056,South America,Brazil,2692289.73,43.34445945945946,60.27858108108108
2056,South America,Colombia,2809866.54,43.671013513513515,61.26864864864865
2059,Africa,Egypt,2712895.43,42.19135135135135,60.70398648648649
2059,Africa,Ethiopia,2814861.19,43.09986486486486,60.278175675675676
2059,Africa,Ghana,2762277.24,44.35675675675676,61.44560810810811
2059,Africa,Kenya,2660332.96,43.01108108108108,60.100608108108105
2059,Africa,Morocco,2763120.37,41.93114864864865,60.33108108108108
2059,Africa,Nigeria,2723804.38,43.32074324324324,60.35898648648648
2059,Africa,South Africa,2471718.53,40.97445945945946,59.60033783783784
2059,Asia,Bangladesh,2791329.28,43.81,59.761621621621615
2059,Asia,China,2527752.36,40.50081081081081,57.38554054054054
2059,Asia,India,2617767.68,45.01932432432432,62.703581081081076
2059,Asia,Indonesia,2814613.84,43.08891891891892,59.19189189189189
2059,Asia,Iran,2735011.07,42.06804054054054,60.880202702702704
2059,Asia,Pakistan,2626045.78,41.37858108108108,60.19743243243243
2059,Asia,Thailand,2772014.16,44.85364864864865,61.780202702702695
2059,Asia,Turkey,2765576.79,41.58716216216216,58.248175675675675
2059,Asia,Vietnam,2986769.48,43.637027027027024,59.51013513513514
2059,Europe,France,2725286.58,40.92358108108108,57.82445945945946
2059,Europe,Germany,2595229.93,40.535067567567566,57.390540540540535
2059,Europe,Italy,2661371.61,39.7570945945946,56.358108108108105
2059,Europe,Spain,2487703.5,40.307297297297296,56.67817567567568
2059,Europe,Ukraine,2651089.2,40.77256756756757,57.32716216216216
2059,North America,Canada,2636361.85,38.95851351351351,54.733445945945945
2059,North America,Mexico,2811543.73,44.116689189189195,62.760337837837845
2059,North America,USA,2820053.19,41.001283783783784,58.21378378378378
2059,Oceania,Australia,2684018.26,42.20243243243243,60.373378378378376
2059,Oceania,New Zealand,2667440.46,41.377027027027026,57.7725
2059,Oceania,Papua New Guinea,2746504.37,41.98047297297297,58.004999999999995
2059,South America,Argentina,2717376.43,40.875,57.36736486486487
2059,South America,Brazil,2845040.49,43.70614864864865,60.40635135135135
2059,South America,Colombia,2874987.68,44.04432432432433,61.12966216216216
2062,Africa,Egypt,2562660.59,42.016554054054055,60.62168918918919
2062,Africa,Ethiopia,2654451.53,43.49885135135135,60.851486486486486
2062,Africa,Ghana,2534065.22,44.75101351351351,62.54837837837838
2062,Africa,Kenya,2917775.81,43.446418918918916,60.61554054054054
2062,Africa,Morocco,2822789.12,41.391621621621624,59.67358108108108
2062,Africa,Nigeria,2695838.96,43.82222972972973,60.692297297297294
2062,Africa,South Africa,2564313.11,43.111554054054054,61.72864864864865
2062,Asia,Bangladesh,2980907.64,43.189864864864866,58.69500000000001
2062,Asia,China,2736219.17,40.14364864864865,57.19195945945946
2062,Asia,India,2756894.44,43.33797297297298,60.622567567567565
2062,Asia,Indonesia,2825718.69,44.34581081081081,60.246959459459454
2062,Asia,Iran,2832280.97,40.652499999999996,58.74709459459459
2062,Asia,Pakistan,2741876.59,41.560743243243245,60.005135135135134
2062,Asia,Thailand,2665270.55,44.64587837837838,61.87027027027027
2062,Asia,Turkey,2613161.16,40.37141891891892,56.903378378378385
2062,Asia,Vietnam,2716705.87,43.46736486486486,59.54750000000001
2062,Europe,France,2532155.78,41.11006756756757,57.62479729729729
2062,Europe,Germany,2587952.61,40.97067567567567,57.3681081081081
2062,Europe,Italy,2634751.65,41.508918918918916,58.513513513513516
2062,Europe,Spain,2577498.7,43.218716216216215,60.056756756756755
2062,Europe,Ukraine,2924959.71,40.799864864864865,57.28047297297297
2062,North America,Canada,2568971.1,39.692905405405405,55.008648648648645
2062,North America,Mexico,2727947.35,45.053378378378376,63.83317567567567
2062,North America,USA,2503929.19,40.673648648648644,57.29608108108108
2062,Oceania,Australia,2686763.06,41.75763513513514,59.89641891891892
2062,Oceania,New Zealand,2754479.77,40.36324324324325,57.59216216216216
2062,Oceania,Papua New Guinea,2784575.73,44.41141891891892,60.21493243243243
2062,South America,Argentina,2448736.87,40.09905405405405,56.96716216216216
2062,South America,Brazil,2700418.65,43.726216216216216,61.34716216216216
2062,South America,Colombia,2645853.87,44.22952702702703,61.57033783783784
2065,Africa,Egypt,2574743.44,41.25466216216216,59.7058108108108
2065,Africa,Ethiopia,2329166.24,44.11614864864865,61.159189189189185
2065,Africa,Ghana,2748824.34,44.057432432432435,61.46236486486487
2065,Africa,Kenya,2490539.18,43.18337837837838,60.348040540540545
2065,Africa,Morocco,2490388.9,42.99932432432432,61.942567567567565
2065,Africa,Nigeria,2669315.7,43.14614864864865,60.21168918918919
2065,Africa,South Africa,2715095.53,40.86020270270271,59.601351351351354
2065,Asia,Bangladesh,2798223.24,43.086081081081076,58.766216216216215
2065,Asia,China,2729149.31,41.531283783783785,57.90547297297297
2065,Asia,India,2636853.9,43.597162162162164,60.81574324324324
2065,Asia,Indonesia,2718280.58,43.784797297297295,59.638513513513516
2065,Asia,Iran,2762038.04,41.16668918918919,60.03648648648648
2065,Asia,Pakistan,2731154.02,40.891216216216215,59.346013513513505
2065,Asia,Thailand,2795259.4899999998,42.91222972972973,60.34175675675676
2065,Asia,Turkey,2679988.02,40.612027027027025,57.11256756756757
2065,Asia,Vietnam,2827777.15,42.93655405405405,59.13547297297297
2065,Europe,France,2741029.45,40.40891891891892,56.91216216216216
2065,Europe,Germany,2634262.23,40.00358108108108,56.48114864864864
2065,Europe,Italy,2708232.64,41.43493243243243,57.860067567567576
2065,Europe,Spain,2536416.01,40.98824324324325,57.418581081081086
2065,Europe,Ukraine,2793471.08,40.46756756756756,57.10310810810811
2065,North America,Canada,2712355.61,38.891486486486485,54.44209459459459
2065,North America,Mexico,2631068.87,43.836486486486486,62.60222972972972
2065,North America,USA,2806723.31,40.90912162162162,57.64662162162163
2065,Oceania,Australia,2759041.31,42.12236486486486,60.72540540540541
2065,Oceania,New Zealand,2495792.99,41.00702702702703,57.69560810810811
2065,Oceania,Papua New Guinea,2415272.41,43.39398648648649,59.413175675675674
2065,South America,Argentina,2481188.0,40.31831081081081,56.8172972972973
2065,South America,Brazil,2558561.42,44.072432432432436,61.51047297297297
2065,South America,Colombia,2989399.15,42.987094594594595,60.51648648648649
2068,Africa,Egypt,2611086.37,41.64594594594595,60.70716216216216
2068,Africa,Ethiopia,2730554.04,43.340202702702705,60.466418918918926
2068,Africa,Ghana,2698119.81,42.17013513513514,58.96628378378379
2068,Africa,Kenya,2945199.9,43.758310810810805,60.79858108108108
2068,Africa,Morocco,2783738.82,40.3625,58.81385135135135
2068,Africa,Nigeria,2755090.26,43.5945945945946,60.48418918918919
2068,Africa,South Africa,2604414.66,41.368716216216214,60.26074324324325
2068,Asia,Bangladesh,2837687.85,42.47445945945946,58.26331081081081
2068,Asia,China,2730767.95,40.82135135135135,57.70817567567567
2068,Asia,India,2572898.89,43.70297297297297,60.997567567567565
2068,Asia,Indonesia,2855751.46,42.81385135135135,58.87385135135135
2068,Asia,Iran,2725254.18,41.05202702702702,59.72385135135134
2068,Asia,Pakistan,2600905.81,42.0227027027027,60.67831081081081
2068,Asia,Thailand,2741696.29,43.81574324324324,61.273513513513514
2068,Asia,Turkey,2746763.91,40.476081081081084,57.26263513513514
2068,Asia,Vietnam,3005877.42,43.89763513513514,59.86560810810811
2068,Europe,France,2785635.43,41.41121621621621,57.947162162162165
2068,Europe,Germany,2723074.55,41.14371621621622,57.75601351351351
2068,Europe,Italy,2569949.5300000003,41.39398648648648,57.9070945945946
2068,Europe,Spain,2617329.62,40.50945945945946,57.491621621621626
2068,Europe,Ukraine,2684865.94,41.7831081081081,58.639932432432424
2068,North America,Canada,2569093.48,37.48101351351351,52.913445945945945
2068,North America,Mexico,2708414.23,43.94837837837838,62.69432432432433
2068,North America,USA,2746178.43,39.89439189189189,56.47445945945945
2068,Oceania,Australia,2626409.26,41.11040540540541,60.215743243243246
2068,Oceania,New Zealand,2542694.01,40.27466216216216,56.92155405405405
2068,Oceania,Papua New Guinea,2714403.3,43.71067567567568,59.64236486486486
2068,South America,Argentina,2502365.18,40.44635135135135,57.23736486486486
2068,South America,Brazil,3024866.15,44.131013513513516,61.12418918918918
2068,South America,Colombia,2643570.83,43.71641891891892,61.02905405405405
2071,Africa,Egypt,2687297.28,41.22682432432432,59.74452702702703
2071,Africa,Ethiopia,2816967.37,45.37513513513514,62.47121621621621
2071,Africa,Ghana,2619168.64,44.52155405405405,61.89716216216217
2071,Africa,Kenya,2676179.96,43.86418918918919,61.02722972972973
2071,Africa,Morocco,2646460.95,40.99689189189189,59.55236486486486
2071,Africa,Nigeria,2728222.16,43.71283783783784,61.06195945945946
2071,Africa,South Africa,2865381.59,42.281283783783785,60.95418918918919
2071,Asia,Bangladesh,2721245.39,43.29094594594595,59.54074324324325
2071,Asia,China,2658893.74,40.3502027027027,57.18810810810811
2071,Asia,India,2492300.62,43.41777027027027,60.25810810810811
2071,Asia,Indonesia,2681886.23,43.27871621621622,59.36047297297298
2071,Asia,Iran,2779538.46,42.61554054054054,60.93087837837838
2071,Asia,Pakistan,2695485.81,41.758918918918916,60.18222972972973
2071,Asia,Thailand,3036633.72,43.994391891891894,61.41837837837838
2071,Asia,Turkey,2731869.5,41.12283783783784,58.002364864864866
2071,Asia,Vietnam,2728841.76,42.23878378378379,58.32763513513513
2071,Europe,France,2722337.02,42.450608108108106,58.906554054054055
2071,Europe,Germany,2777837.8,40.87608108108108,57.77722972972973
2071,Europe,Italy,2677769.25,40.028513513513516,56.89493243243244
2071,Europe,Spain,2809627.54,40.97675675675676,57.840743243243246
2071,Europe,Ukraine,2549885.24,40.78655405405405,57.582972972972975
2071,North America,Canada,2527045.72,39.233243243243244,55.20155405405406
2071,North America,Mexico,2829076.56,45.01371621621622,63.58425675675675
2071,North America,USA,2371576.31,41.02993243243243,57.93081081081081
2071,Oceania,Australia,2782241.95,41.48189189189189,60.16682432432433
2071,Oceania,New Zealand,2586994.12,40.42709459459459,56.810945945945946
2071,Oceania,Papua New Guinea,2808042.47,41.773986486486486,57.05006756756757
2071,South America,Argentina,2690062.94,40.79148648648649,57.484391891891896
2071,South America,Brazil,2713827.7600000002,44.86222972972973,62.36310810810811
2071,South America,Colombia,2683938.38,44.89,62.32574324324324
2074,Africa,Egypt,2802354.13,41.43993243243243,60.09689189189189
2074,Africa,Ethiopia,2541168.56,44.16621621621622,61.13763513513514
2074,Africa,Ghana,2824395.96,43.65905405405405,60.766756756756756
2074,Africa,Kenya,2797822.82,44.37560810810811,61.721013513513505
2074,Africa,Morocco,3005952.12,42.174864864864865,61.03324324324324
2074,Africa,Nigeria,2693909.58,43.813986486486485,60.88581081081081
2074,Africa,South Africa,2669748.88,42.06628378378379,60.69621621621622
2074,Asia,Bangladesh,2736077.71,43.44905405405405,59.50777027027027
2074,Asia,China,2467767.06,40.47804054054054,56.66087837837838
2074,Asia,India,2626733.43,44.284527027027025,61.69844594594595
2074,Asia,Indonesia,2721118.09,42.696891891891894,58.39655405405406
2074,Asia,Iran,2583677.7600000002,40.93736486486486,59.2372972972973
2074,Asia,Pakistan,2743380.87,41.784256756756754,60.670675675675675
2074,Asia,Thailand,2649540.58,43.12527027027027,60.63594594594595
2074,Asia,Turkey,2547681.75,40.611689189189185,57.611351351351345
2074,Asia,Vietnam,2887711.34,44.27513513513514,60.26648648648649
2074,Europe,France,2575787.99,40.491283783783786,57.16939189189189
2074,Europe,Germany,3040818.6,41.475675675675674,58.181216216216214
2074,Europe,Italy,2826698.27,40.614459459459454,57.09371621621622
2074,Europe,Spain,2406712.83,40.489729729729724,57.743581081081075
2074,Europe,Ukraine,2451225.52,41.362364864864865,58.36682432432432
2074,North America,Canada,2617925.77,38.35060810810811,53.594054054054055
2074,North America,Mexico,2799115.18,44.76554054054054,63.68756756756757
2074,North America,USA,2520316.3,40.12885135135135,56.74263513513513
2074,Oceania,Australia,2709118.2,40.97108108108108,59.81277027027026
2074,Oceania,New Zealand,2558811.76,40.618986486486484,57.24777027027027
2074,Oceania,Papua New Guinea,2826345.01,41.81472972972973,57.821554054054054
2074,South America,Argentina,2478090.57,40.80824324324324,57.34837837837838
2074,South America,Brazil,2642316.94,43.42108108108108,60.54283783783784
2074,South America,Colombia,2854497.99,45.50310810810811,62.70162162162162
2077,Africa,Egypt,2615958.46,41.41283783783784,59.62871621621621
2077,Africa,Ethiopia,2800420.1,44.049932432432435,61.32006756756757
2077,Africa,Ghana,2630529.18,42.373716216216216,59.73067567567567
2077,Africa,Kenya,2785943.88,45.24216216216216,62.938918918918915
2077,Africa,Morocco,2811945.53,42.641756756756756,61.733243243243244
2077,Africa,Nigeria,2772073.35,43.49635135135135,60.73472972972973
2077,Africa,South Africa,2731940.53,41.84513513513514,60.39763513513514
2077,Asia,Bangladesh,2776284.16,43.049391891891894,59.50283783783784
2077,Asia,China,2763552.36,40.94601351351351,57.65054054054055
2077,Asia,India,2660792.13,43.72668918918919,60.73594594594594
2077,Asia,Indonesia,2612804.87,43.825540540540544,59.513445945945946
2077,Asia,Iran,2748223.0,41.6552027027027,60.25709459459459
2077,Asia,Pakistan,2843078.22,42.12898648648649,60.62527027027028
2077,Asia,Thailand,2886208.67,43.47108108108108,60.987905405405414
2077,Asia,Turkey,2594374.56,40.630067567567565,57.19148648648649
2077,Asia,Vietnam,2647688.33,44.15358108108108,60.30797297297297
2077,Europe,France,2600357.59,41.07013513513514,57.90094594594595
2077,Europe,Germany,2724365.63,40.64310810810811,57.302770270270265
2077,Europe,Italy,2559606.06,40.89074324324324,57.59256756756757
2077,Europe,Spain,2595139.57,40.942972972972974,57.69459459459459
2077,Europe,Ukraine,2845091.01,41.83371621621622,58.54162162162162
2077,North America,Canada,2648039.39,38.45364864864865,53.73432432432433
2077,North America,Mexico,2790027.68,45.548648648648644,64.31932432432433
2077,North America,USA,2854081.78,41.61067567567568,57.99554054054054
2077,Oceania,Australia,2727726.13,42.093378378378375,60.66837837837838
2077,Oceania,New Zealand,2442033.77,40.12567567567568,56.48547297297298
2077,Oceania,Papua New Guinea,2721561.1,44.12209459459459,60.08317567567567
2077,South America,Argentina,2475167.96,40.75777027027027,57.6227027027027
2077,South America,Brazil,2574165.88,43.59216216216216,60.354594594594595
2077,South America,Colombia,2793017.94,42.95608108108108,60.23229729729729
2080,Africa,Egypt,2600658.64,41.24506756756757,60.023581081081076
2080,Africa,Ethiopia,2760291.67,43.789054054054056,61.139932432432424
2080,Africa,Ghana,2638765.02,43.32952702702703,60.56689189189189
2080,Africa,Kenya,2755646.28,45.096148648648644,62.65445945945946
2080,Africa,Morocco,2491026.56,40.989797297297294,59.427702702702696
2080,Africa,Nigeria,2753066.54,43.932702702702706,61.02729729729729
2080,Africa,South Africa,2784864.32,41.39722972972973,60.19087837837838
2080,Asia,Bangladesh,2699424.21,43.673986486486484,59.64378378378379
2080,Asia,China,2765781.57,41.424797297297296,58.3677027027027
2080,Asia,India,2619154.08,43.61006756756757,61.25054054054054
2080,Asia,Indonesia,2734109.37,43.6404054054054,59.693851351351356
2080,Asia,Iran,2555670.72,40.98601351351351,60.119797297297296
2080,Asia,Pakistan,2474840.14,40.96074324324324,59.74216216216216
2080,Asia,Thailand,2775867.28,44.03405405405405,61.339256756756754
2080,Asia,Turkey,2462881.57,40.13236486486487,56.62135135135134
2080,Asia,Vietnam,2732765.26,42.670878378378376,58.78743243243244
2080,Europe,France,2813387.48,41.41304054054054,58.32891891891892
2080,Europe,Germany,2501687.51,41.32783783783784,57.75986486486486
2080,Europe,Italy,2596740.07,39.57290540540541,55.98155405405406
2080,Europe,Spain,2640233.22,40.575540540540544,57.28972972972972
2080,Europe,Ukraine,2513567.71,41.487297297297296,58.413108108108105
2080,North America,Canada,2612795.41,39.45331081081081,55.23452702702703
2080,North America,Mexico,2615712.71,43.68439189189189,62.34966216216216
2080,North America,USA,2789112.87,41.133986486486485,57.870202702702706
2080,Oceania,Australia,2825845.4,42.020405405405405,60.51506756756756
2080,Oceania,New Zealand,2797516.2600000002,41.85567567567568,58.774391891891895
2080,Oceania,Papua New Guinea,2702015.68,43.16256756756757,58.88236486486487
2080,South America,Argentina,2648115.2399999998,41.19513513513514,57.74885135135135
2080,South America,Brazil,2625640.27,43.986959459459456,60.91222972972973
2080,South America,Colombia,2785688.7,43.2820945945946,60.490472972972974
2083,Africa,Egypt,2781358.96,41.81,59.93817567567568
2083,Africa,Ethiopia,2859529.51,43.96554054054054,61.163175675675674
2083,Africa,Ghana,2736594.51,43.99655405405405,60.68864864864865
2083,Africa,Kenya,2637342.54,43.27614864864865,60.58418918918918
2083,Africa,Morocco,2730372.5,41.13709459459459,60.028851351351356
2083,Africa,Nigeria,2928816.45,44.16486486486486,61.09216216216216
2083,Africa,South Africa,2703554.62,41.567905405405405,60.718445945945945
2083,Asia,Bangladesh,2709428.94,43.50675675675676,59.13364864864865
2083,Asia,China,2679444.14,40.80804054054054,57.6522972972973
2083,Asia,India,2837698.97,44.240945945945946,61.93878378378379
2083,Asia,Indonesia,2800914.53,43.506013513513516,59.545743243243244
2083,Asia,Iran,2685155.81,41.84608108108108,60.5152027027027
2083,Asia,Pakistan,2521819.78,41.79006756756757,60.240945945945946
2083,Asia,Thailand,2764800.52,43.30189189189189,60.22087837837838
2083,Asia,Turkey,2701312.48,41.60581081081081,58.42202702702702
2083,Asia,Vietnam,2823101.94,42.83121621621622,58.59912162162162
2083,Europe,France,2433922.83,40.97918918918919,57.93689189189189
2083,Europe,Germany,2497673.73,41.33540540540541,58.295608108108105
2083,Europe,Italy,2691535.71,41.08094594594594,57.80168918918919
2083,Europe,Spain,2450409.52,41.473310810810815,58.17999999999999
2083,Europe,Ukraine,2697100.05,40.72783783783784,57.405810810810806
2083,North America,Canada,2535346.51,37.990337837837835,53.17689189189189
2083,North America,Mexico,2752634.03,45.07668918918919,63.64412162162162
2083,North America,USA,2931968.5,41.277432432432434,57.43135135135135
2083,Oceania,Australia,2781417.45,41.39081081081081,59.63033783783784
2083,Oceania,New Zealand,2502383.38,39.788513513513514,56.23006756756756
2083,Oceania,Papua New Guinea,2882103.42,43.29304054054054,59.52243243243243
2083,South America,Argentina,2767923.24,41.68054054054054,58.258445945945944
2083,South America,Brazil,2534666.14,42.80871621621621,60.00128378378379
2083,South America,Colombia,2647656.49,43.11844594594594,59.9522972972973
2086,Africa,Egypt,2533686.05,41.80209459459459,60.37513513513514
2086,Africa,Ethiopia,2817701.27,44.31831081081081,62.27527027027027
2086,Africa,Ghana,2853213.89,44.682094594594595,62.37405405405406
2086,Africa,Kenya,2750493.31,43.49695945945946,60.79925675675676
2086,Africa,Morocco,2657421.46,41.175472972972976,60.00344594594595
2086,Africa,Nigeria,2749923.39,43.972162162162164,60.66668918918919
2086,Africa,South Africa,2733273.03,41.402499999999996,59.804054054054056
2086,Asia,Bangladesh,3099357.59,44.625,60.8718918918919
2086,Asia,China,2725085.52,40.14385135135135,56.714256756756754
2086,Asia,India,2681744.55,43.04662162162162,60.58513513513514
2086,Asia,Indonesia,2685100.2,43.66952702702703,59.92432432432432
2086,Asia,Iran,2620224.04,41.3454054054054,60.23939189189189
2086,Asia,Pakistan,2644470.21,41.8829054054054,60.90783783783784
2086,Asia,Thailand,2752349.28,44.435135135135134,61.91236486486487
2086,Asia,Turkey,2603586.11,41.49337837837838,57.87722972972973
2086,Asia,Vietnam,2896235.7800000003,44.55668918918919,60.14574324324324
2086,Europe,France,2846918.88,40.99277027027027,57.395
2086,Europe,Germany,2690093.43,41.10722972972973,57.83175675675676
2086,Europe,Italy,2697363.67,40.75304054054054,57.23398648648648
2086,Europe,Spain,2373169.96,40.3875,56.87047297297297
2086,Europe,Ukraine,2667905.86,41.278243243243246,58.16547297297297
2086,North America,Canada,2701412.21,39.41986486486487,54.69844594594595
2086,North America,Mexico,2806591.21,44.152567567567566,62.714594594594594
2086,North America,USA,2539652.76,40.347162162162164,56.97864864864865
2086,Oceania,Australia,2821615.26,40.72736486486486,59.659932432432434
2086,Oceania,New Zealand,2583600.09,39.68817567567568,56.899391891891895
2086,Oceania,Papua New Guinea,2785053.5,43.87574324324324,59.851351351351354
2086,South America,Argentina,2985166.36,40.47817567567568,57.08027027027026
2086,South America,Brazil,2873323.39,44.62412162162162,61.85364864864865
2086,South America,Colombia,2569941.95,43.81567567567568,61.594729729729735
2089,Africa,Egypt,2843227.5100000002,41.91560810810811,61.14412162162162
2089,Africa,Ethiopia,2712189.26,42.512635135135135,59.99932432432432
2089,Africa,Ghana,2697789.44,43.88628378378378,61.020337837837836
2089,Africa,Kenya,2749529.23,43.62405405405405,60.39912162162162
2089,Africa,Morocco,2519283.9,41.58297297297297,60.09891891891891
2089,Africa,Nigeria,2683511.46,42.77006756756757,60.25216216216216
2089,Africa,South Africa,2616756.47,40.57310810810811,59.173783783783776
2089,Asia,Bangladesh,2829057.41,42.90006756756757,58.58966216216216
2089,Asia,China,2820363.4,42.05945945945946,59.07567567567568
2089,Asia,India,2762698.3,44.00331081081081,61.346824324324324
2089,Asia,Indonesia,2731990.14,42.887702702702704,58.645067567567565
2089,Asia,Iran,2714023.67,40.516486486486485,58.89385135135136
2089,Asia,Pakistan,2708705.81,42.10168918918919,60.854594594594595
2089,Asia,Thailand,2812231.09,45.21162162162162,63.10844594594594
2089,Asia,Turkey,2678315.3,40.54736486486487,56.86898648648649
2089,Asia,Vietnam,2871744.37,43.39047297297297,59.618648648648644
2089,Europe,France,2656238.69,41.0852027027027,57.80918918918919
2089,Europe,Germany,2559169.28,41.36675675675676,58.45831081081081
2089,Europe,Italy,2700374.05,41.65513513513513,58.51837837837837
2089,Europe,Spain,2956260.39,42.1872972972973,58.85837837837838
2089,Europe,Ukraine,2670855.75,41.30641891891892,58.023378378378375
2089,North America,Canada,2601409.06,38.68945945945946,54.4045945945946
2089,North America,Mexico,2875663.98,44.365878378378376,63.094189189189194
2089,North America,USA,2785295.99,40.14202702702703,57.01668918918919
2089,Oceania,Australia,2769913.35,42.11452702702702,60.73689189189189
2089,Oceania,New Zealand,2701624.75,42.15337837837838,58.586216216216215
2089,Oceania,Papua New Guinea,2827338.83,43.60682432432433,59.45060810810811
2089,South America,Argentina,2861551.5,40.68033783783783,56.85689189189189
2089,South America,Brazil,2856609.69,43.745000000000005,61.10695945945946
2089,South America,Colombia,2504114.72,43.37175675675676,61.11371621621622
2092,Africa,Egypt,2682703.59,41.19898648648648,60.00797297297297
2092,Africa,Ethiopia,2784914.67,43.55918918918919,61.05587837837838
2092,Africa,Ghana,2797670.73,44.97506756756757,62.43689189189189
2092,Africa,Kenya,2715524.48,44.222567567567566,61.59243243243243
2092,Africa,Morocco,2470390.53,41.46195945945946,59.998378378378376
2092,Africa,Nigeria,2761107.47,43.616013513513515,60.68297297297297
2092,Africa,South Africa,2671761.38,41.18452702702703,60.10898648648648
2092,Asia,Bangladesh,2704503.65,43.75108108108108,59.47824324324325
2092,Asia,China,2555113.4899999998,41.95912162162162,58.597905405405406
2092,Asia,India,2542648.21,44.70486486486486,61.81263513513514
2092,Asia,Indonesia,2601230.77,43.41817567567568,59.59439189189189
2092,Asia,Iran,2618206.7399999998,40.79114864864865,59.362837837837844
2092,Asia,Pakistan,2774179.6,40.54121621621622,58.89222972972973
2092,Asia,Thailand,2601455.74,44.36,61.850743243243244
2092,Asia,Turkey,2800665.61,41.99202702702703,58.65054054054055
2092,Asia,Vietnam,2722205.33,44.75243243243243,60.91108108108108
2092,Europe,France,2639289.95,40.178378378378376,57.02141891891892
2092,Europe,Germany,2615386.55,41.71081081081081,58.55202702702703
2092,Europe,Italy,2547178.43,41.241081081081084,58.54581081081081
2092,Europe,Spain,2640428.93,42.35425675675676,59.3497972972973
2092,Europe,Ukraine,2685114.07,41.69209459459459,58.20216216216216
2092,North America,Canada,2594500.35,38.012837837837836,53.67560810810811
2092,North America,Mexico,2802730.36,45.2247972972973,63.93155405405406
2092,North America,USA,2625486.84,41.33810810810811,57.89581081081081
2092,Oceania,Australia,2812807.15,42.44939189189189,61.24216216216216
2092,Oceania,New Zealand,2717042.25,41.207364864864864,58.12567567567568
2092,Oceania,Papua New Guinea,2784123.45,42.97452702702702,58.73472972972973
2092,South America,Argentina,2747174.95,40.89587837837838,57.47155405405406
2092,South America,Brazil,2723043.88,43.25412162162162,60.71932432432433
2092,South America,Colombia,2817712.44,43.45236486486486,60.824121621621615
2095,Africa,Egypt,2944424.0,41.87506756756757,60.37560810810811
2095,Africa,Ethiopia,2622304.71,43.0622972972973,60.25945945945946
2095,Africa,Ghana,2358598.23,43.1675,60.5725
2095,Africa,Kenya,2637645.67,44.075135135135135,61.47540540540541
2095,Africa,Morocco,2516775.28,41.1552027027027,59.35932432432433
2095,Africa,Nigeria,2572946.78,43.847905405405406,61.21716216216216
2095,Africa,South Africa,2566928.16,42.47513513513513,61.26425675675676
2095,Asia,Bangladesh,2585804.42,43.564189189189186,59.39662162162163
2095,Asia,China,2543712.57,42.05162162162162,59.17337837837838
2095,Asia,India,2521745.7,44.74648648648648,62.155
2095,Asia,Indonesia,2573965.84,43.24351351351351,59.12972972972973
2095,Asia,Iran,2728606.12,41.43114864864865,59.75006756756757
2095,Asia,Pakistan,2725008.43,41.157229729729735,59.629864864864864
2095,Asia,Thailand,2653683.84,44.51527027027027,62.5247972972973
2095,Asia,Turkey,2704176.42,40.85945945945946,57.66952702702703
2095,Asia,Vietnam,2559582.14,42.7697972972973,58.660608108108114
2095,Europe,France,2442292.06,40.763040540540544,57.826216216216224
2095,Europe,Germany,2639374.51,42.284527027027025,59.219121621621625
2095,Europe,Italy,2749257.18,41.81,58.9875
2095,Europe,Spain,2620914.87,41.505270270270266,58.33006756756757
2095,Europe,Ukraine,2691995.93,41.56702702702703,58.456418918918914
2095,North America,Canada,2425689.39,38.364999999999995,53.938986486486485
2095,North America,Mexico,2802105.08,44.49777027027027,63.21067567567568
2095,North America,USA,2405953.37,40.14304054054054,56.72878378378379
2095,Oceania,Australia,2732897.11,42.22837837837838,60.85108108108108
2095,Oceania,New Zealand,2723520.05,40.58304054054054,57.41141891891891
2095,Oceania,Papua New Guinea,2771045.07,43.50135135135135,59.88648648648649
2095,South America,Argentina,2608754.32,40.601554054054056,57.14486486486487
2095,South America,Brazil,2958016.14,44.76736486486486,62.026756756756754
2095,South America,Colombia,2745040.84,44.42641891891892,62.092837837837834
2098,Africa,Egypt,2570321.5300000003,41.046554054054056,59.80824324324325
2098,Africa,Ethiopia,2590921.21,44.00243243243243,61.489729729729724
2098,Africa,Ghana,2695689.65,41.70716216216216,59.11952702702703
2098,Africa,Kenya,2708175.24,44.99864864864865,62.75060810810811
2098,Africa,Morocco,2452041.66,41.71743243243243,60.30108108108108
2098,Africa,Nigeria,2766842.29,45.03324324324324,62.805540540540534
2098,Africa,South Africa,2763566.19,41.47858108108108,60.65783783783784
2098,Asia,Bangladesh,2910883.45,44.55074324324325,60.321554054054054
2098,Asia,China,2743666.23,40.63716216216216,57.80195945945946
2098,Asia,India,2809765.59,43.343445945945945,60.57121621621622
2098,Asia,Indonesia,2811093.7,44.205,59.94148648648649
2098,Asia,Iran,2680203.39,41.582905405405405,60.163040540540536
2098,Asia,Pakistan,2458923.94,41.88993243243243,60.23128378378378
2098,Asia,Thailand,2870134.17,43.80236486486486,61.51101351351351
2098,Asia,Turkey,2806559.63,40.93506756756757,57.73398648648648
2098,Asia,Vietnam,2594104.13,43.25385135135135,59.38817567567568
2098,Europe,France,2492751.2,41.20621621621622,57.79750000000001
2098,Europe,Germany,2569047.0,40.91202702702702,57.75108108108108
2098,Europe,Italy,2856397.86,42.18047297297297,58.814391891891894
2098,Europe,Spain,2364969.6,40.52621621621622,56.909932432432434
2098,Europe,Ukraine,2662932.06,39.899324324324326,56.611959459459456
2098,North America,Canada,2556607.65,37.92168918918919,53.30135135135136
2098,North America,Mexico,2747098.28,44.436013513513515,63.16101351351351
2098,North America,USA,3046431.69,41.33006756756757,58.23412162162162
2098,Oceania,Australia,2837818.1,42.31344594594595,60.964391891891886
2098,Oceania,New Zealand,2622354.95,40.29304054054054,56.486554054054054
2098,Oceania,Papua New Guinea,2739302.86,43.90702702702703,60.17216216216216
2098,South America,Argentina,2620491.94,41.9127027027027,58.77513513513513
2098,South America,Brazil,2891744.26,44.174932432432435,61.72837837837837
2098,South America,Colombia,2836679.18,44.23425675675676,61.6318918918919
2100,Africa,Egypt,2790799.95,41.635540540540546,60.71060810810811
2100,Africa,Ethiopia,2705292.85,43.94162162162162,61.37851351351352
2100,Africa,Ghana,2693503.32,43.60114864864865,61.101351351351354
2100,Africa,Kenya,2550585.55,44.23202702702703,61.88831081081081
2100,Africa,Morocco,2694018.29,40.946689189189186,59.33486486486486
2100,Africa,Nigeria,3046351.93,44.16486486486486,61.49587837837837
2100,Africa,South Africa,2802002.41,42.64236486486486,61.630878378378384
2100,Asia,Bangladesh,2771720.32,43.134189189189186,59.33851351351352
2100,Asia,China,2740568.24,41.357837837837835,57.72452702702702
2100,Asia,India,2805022.51,44.0802027027027,61.52310810810811
2100,Asia,Indonesia,2810340.32,43.40391891891892,59.65405405405405
2100,Asia,Iran,2590799.93,41.55243243243243,60.19668918918919
2100,Asia,Pakistan,2636097.99,41.379932432432426,59.79121621621622
2100,Asia,Thailand,2735753.17,44.01560810810811,61.520472972972975
2100,Asia,Turkey,2680289.57,40.92527027027027,57.59209459459459
2100,Asia,Vietnam,2775099.67,43.39425675675676,59.01986486486487
2100,Europe,France,2527835.13,41.097094594594594,57.932702702702706
2100,Europe,Germany,2594002.58,40.651689189189185,57.56932432432433
2100,Europe,Italy,2482351.2,40.79513513513514,57.445810810810805
2100,Europe,Spain,2828125.89,41.47614864864865,58.25452702702703
2100,Europe,Ukraine,2648172.27,40.634324324324325,57.40783783783784
2100,North America,Canada,2630888.48,39.46581081081081,55.24351351351351
2100,North America,Mexico,2933175.65,45.00087837837838,64.05999999999999
2100,North America,USA,2567223.4,41.04682432432433,57.58135135135136
2100,Oceania,Australia,2708357.69,42.23094594594595,61.16472972972972
2100,Oceania,New Zealand,2540540.41,40.508783783783784,57.34202702702703
2100,Oceania,Papua New Guinea,2906373.17,43.27290540540541,59.03952702702703
2100,South America,Argentina,2464265.1,39.93358108108108,56.868040540540534
2100,South America,Brazil,2650294.32,43.56506756756757,60.839256756756754
2100,South America,Colombia,2549311.67,43.93135135135135,61.55797297297297
