year,country,region,food_security_risk_score,avg_drought_index,avg_heatwave_days,avg_crop_loss_percent,food_security_risk_level
2026,Argentina,South America,56.258918918918916,60.16027027027027,1.3243243243243243,39.913513513513514,High
2026,Australia,Oceania,59.5152027027027,72.08885135135135,6.554054054054054,41.03418918918919,High
2026,Bangladesh,South Asia,60.12405405405406,56.61898648648649,5.155405405405405,44.076283783783786,High
2026,Brazil,South America,59.12141891891891,60.384662162162165,3.8716216216216215,42.49952702702703,High
2026,Canada,North America,53.116283783783786,56.098040540540545,0.11486486486486487,37.99554054054054,Moderate
2026,China,East Asia,56.90067567567567,60.41283783783784,0.7297297297297297,40.77905405405406,High
2026,Colombia,South America,60.89304054054054,64.58837837837838,5.027027027027027,43.3456081081081,High
2026,Egypt,North Africa,59.20878378378378,71.75527027027027,6.783783783783784,40.833175675675676,High
2026,Ethiopia,East Africa,61.18412162162162,62.509594594594596,4.702702702702703,43.865405405405404,High
2026,France,Western Europe,56.63986486486487,59.33581081081081,1.0135135135135136,40.63560810810811,High
2026,Germany,Western Europe,57.03567567567568,61.55175675675675,0.581081081081081,40.33560810810811,High
2026,Ghana,West Africa,59.21695945945946,62.61027027027027,4.885135135135135,42.031621621621625,High
2026,India,South Asia,60.8,62.730472972972976,4.094594594594595,43.572162162162165,High
2026,Indonesia,Southeast Asia,58.6222972972973,56.651891891891886,4.79054054054054,42.75655405405406,High
2026,Iran,West Asia,59.423986486486484,72.46777027027026,6.722972972972973,40.87891891891892,High
2026,Italy,Southern Europe,56.83871621621621,59.77925675675676,1.114864864864865,40.53689189189189,High
2026,Kenya,East Africa,60.81324324324325,61.940540540540546,4.243243243243243,43.90067567567568,High
2026,Mexico,North America,62.884121621621624,72.22222972972972,15.70945945945946,44.195,High
2026,Morocco,North Africa,60.12560810810811,69.80844594594595,6.533783783783784,42.053243243243244,High
2026,New Zealand,Oceania,58.237229729729734,59.488445945945955,1.195945945945946,41.95628378378378,High
2026,Nigeria,West Africa,61.3772972972973,62.84540540540541,5.135135135135135,44.33175675675676,High
2026,Pakistan,South Asia,59.17993243243243,72.11966216216216,8.067567567567568,40.91155405405405,High
2026,Papua New Guinea,Oceania,59.31716216216216,55.85412162162162,4.45945945945946,43.520135135135135,High
2026,South Africa,Southern Africa,58.699121621621615,71.35385135135135,6.29054054054054,40.215202702702705,High
2026,Spain,Southern Europe,57.23425675675676,62.46155405405405,1.0337837837837838,40.62885135135135,High
2026,Thailand,Southeast Asia,61.22459459459459,63.87141891891891,4.472972972972973,43.74648648648648,High
2026,Turkey,West Asia,55.97668918918919,58.97385135135134,0.8851351351351351,39.75972972972973,High
2026,USA,North America,58.25547297297297,61.542094594594595,0.7635135135135135,41.83128378378378,High
2026,Ukraine,Eastern Europe,56.675337837837844,62.148716216216215,0.777027027027027,39.78074324324324,High
2026,Vietnam,Southeast Asia,59.46648648648648,55.57513513513514,5.608108108108108,43.69358108108108,High
2029,Argentina,South America,55.75763513513513,59.908648648648644,1.1689189189189189,39.62844594594595,High
2029,Australia,Oceania,60.13263513513513,72.71932432432432,6.168918918918919,41.62885135135135,High
2029,Bangladesh,South Asia,58.32432432432432,54.332702702702704,4.871621621621622,42.7168918918919,High
2029,Brazil,South America,60.310743243243245,62.61006756756756,4.445945945945946,43.207770270270274,High
2029,Canada,North America,53.30067567567568,56.034121621621615,0.2972972972972973,38.445810810810805,Moderate
2029,China,East Asia,56.072162162162165,61.32797297297298,1.277027027027027,39.7927027027027,High
2029,Colombia,South America,61.39364864864865,63.17412162162162,4.8108108108108105,44.141351351351354,High
2029,Egypt,North Africa,59.33155405405405,71.59317567567568,8.33108108108108,40.87898648648649,High
2029,Ethiopia,East Africa,61.105405405405406,62.027770270270274,4.527027027027027,44.08493243243243,High
2029,France,Western Europe,57.25364864864866,60.78682432432433,1.0675675675675675,40.93418918918919,High
2029,Germany,Western Europe,57.43655405405406,63.14168918918919,1.0337837837837838,40.523648648648646,High
2029,Ghana,West Africa,61.447297297297304,62.53695945945945,4.662162162162162,44.44202702702703,High
2029,India,South Asia,60.68277027027027,63.806756756756755,4.364864864864865,43.36844594594594,High
2029,Indonesia,Southeast Asia,58.855405405405406,54.41905405405406,4.554054054054054,43.369662162162165,High
2029,Iran,West Asia,59.10108108108108,73.32554054054054,6.614864864864865,40.58635135135135,High
2029,Italy,Southern Europe,56.72513513513513,61.51391891891892,0.8851351351351351,40.14202702702703,High
2029,Kenya,East Africa,61.11310810810811,62.55635135135135,3.945945945945946,44.119527027027026,High
2029,Mexico,North America,62.09371621621622,70.87966216216216,15.5,43.90817567567567,High
2029,Morocco,North Africa,59.763513513513516,70.71371621621621,7.027027027027027,41.641824324324325,High
2029,New Zealand,Oceania,58.22533783783784,62.126824324324325,1.0067567567567568,41.590067567567566,High
2029,Nigeria,West Africa,60.44121621621621,61.87817567567567,4.108108108108108,43.520405405405405,High
2029,Pakistan,South Asia,59.80385135135135,72.5110135135135,7.20945945945946,41.273648648648646,High
2029,Papua New Guinea,Oceania,59.30047297297297,56.53695945945945,4.52027027027027,43.336824324324326,High
2029,South Africa,Southern Africa,59.890472972972965,71.30722972972973,7.135135135135135,41.655270270270265,High
2029,Spain,Southern Europe,56.611216216216214,59.51331081081081,0.9121621621621622,40.42594594594595,High
2029,Thailand,Southeast Asia,60.08567567567568,59.884729729729735,5.0675675675675675,43.402567567567566,High
2029,Turkey,West Asia,57.88905405405406,62.44695945945946,1.5337837837837838,41.153851351351356,High
2029,USA,North America,56.346081081081074,62.428513513513515,0.6891891891891891,39.78709459459459,High
2029,Ukraine,Eastern Europe,58.04594594594594,62.47837837837837,1.3243243243243243,41.33810810810811,High
2029,Vietnam,Southeast Asia,59.80378378378378,54.762702702702704,4.871621621621622,44.1179054054054,High
2030,Argentina,South America,56.766283783783784,62.101351351351354,1.277027027027027,39.995067567567574,High
2030,Australia,Oceania,59.58986486486486,71.1,5.925675675675675,41.37121621621621,High
2030,Bangladesh,South Asia,59.16128378378379,54.38891891891892,5.148648648648648,43.630067567567565,High
2030,Brazil,South America,60.97135135135135,62.377432432432435,4.763513513513513,43.77439189189189,High
2030,Canada,North America,53.7747972972973,56.88256756756757,0.08783783783783784,38.487972972972976,Moderate
2030,China,East Asia,57.48662162162162,61.58054054054054,1.2905405405405406,40.939527027027026,High
2030,Colombia,South America,60.094189189189194,64.55533783783784,5.79054054054054,42.611554054054054,High
2030,Egypt,North Africa,61.03682432432433,74.6156081081081,8.162162162162161,42.197094594594596,High
2030,Ethiopia,East Africa,60.07189189189189,60.84837837837838,4.716216216216216,43.31641891891892,High
2030,France,Western Europe,57.20290540540541,62.46074324324324,1.0945945945945945,40.54385135135135,High
2030,Germany,Western Europe,57.86567567567568,62.79466216216217,1.5405405405405406,41.16864864864865,High
2030,Ghana,West Africa,60.07912162162162,62.79925675675675,4.777027027027027,43.042567567567566,High
2030,India,South Asia,61.34452702702703,63.24864864864865,4.918918918918919,44.28472972972973,High
2030,Indonesia,Southeast Asia,60.667432432432435,56.20297297297298,4.1824324324324325,44.64628378378378,High
2030,Iran,West Asia,59.009594594594596,72.53689189189188,7.101351351351352,40.6625,High
2030,Italy,Southern Europe,55.59513513513514,59.593986486486486,1.277027027027027,39.407229729729735,High
2030,Kenya,East Africa,61.27513513513513,63.15641891891892,4.8108108108108105,44.263851351351356,High
2030,Mexico,North America,62.31121621621621,73.84878378378379,15.682432432432432,43.50094594594595,High
2030,Morocco,North Africa,60.15844594594595,72.9370945945946,6.9324324324324325,41.52108108108108,High
2030,New Zealand,Oceania,56.83709459459459,61.58554054054054,1.662162162162162,40.32736486486486,High
2030,Nigeria,West Africa,59.98817567567568,61.79912162162162,4.425675675675675,43.0293918918919,High
2030,Pakistan,South Asia,60.20155405405406,71.44371621621622,8.06081081081081,41.87493243243243,High
2030,Papua New Guinea,Oceania,58.17641891891892,54.17527027027027,5.0,42.6,High
2030,South Africa,Southern Africa,60.069527027027036,71.21236486486487,6.277027027027027,41.932567567567574,High
2030,Spain,Southern Europe,57.02412162162162,61.02993243243243,1.3243243243243243,40.77378378378378,High
2030,Thailand,Southeast Asia,61.24141891891892,63.13560810810811,3.9594594594594597,43.946824324324325,High
2030,Turkey,West Asia,56.817567567567565,60.51060810810811,2.0,40.46331081081081,High
2030,USA,North America,57.012229729729725,60.005675675675676,1.0472972972972974,40.85493243243243,High
2030,Ukraine,Eastern Europe,57.523513513513514,61.001554054054054,1.3310810810810811,41.08216216216216,High
2030,Vietnam,Southeast Asia,58.68682432432432,54.721756756756754,3.972972972972973,43.12101351351351,High
2032,Argentina,South America,57.95202702702702,61.34317567567568,0.75,41.388581081081085,High
2032,Australia,Oceania,59.72391891891891,74.25945945945946,8.486486486486486,41.031891891891895,High
2032,Bangladesh,South Asia,58.38945945945945,55.15405405405406,4.8108108108108105,42.700067567567565,High
2032,Brazil,South America,60.38168918918919,61.590067567567566,4.216216216216216,43.33331081081081,High
2032,Canada,North America,54.66844594594595,59.376486486486485,0.14189189189189189,38.65101351351352,Moderate
2032,China,East Asia,57.03263513513514,62.64702702702703,1.5472972972972974,40.443445945945946,High
2032,Colombia,South America,60.91486486486486,63.31783783783784,4.635135135135135,43.64074324324324,High
2032,Egypt,North Africa,60.818378378378384,72.54027027027027,8.054054054054054,42.181554054054054,High
2032,Ethiopia,East Africa,60.75405405405406,61.489594594594585,5.04054054054054,43.902905405405406,High
2032,France,Western Europe,56.95932432432432,62.23594594594594,1.1081081081081081,40.406283783783785,High
2032,Germany,Western Europe,56.915,61.03925675675676,1.364864864864865,40.663783783783785,High
2032,Ghana,West Africa,60.473108108108114,62.64736486486486,4.493243243243243,43.47087837837837,High
2032,India,South Asia,60.885405405405415,63.806148648648644,5.02027027027027,43.71054054054054,High
2032,Indonesia,Southeast Asia,58.9081081081081,55.22513513513513,4.52027027027027,43.34851351351351,High
2032,Iran,West Asia,60.321351351351346,71.9420945945946,7.547297297297297,41.91614864864865,High
2032,Italy,Southern Europe,56.328108108108104,60.54756756756756,1.4797297297297298,39.96554054054054,High
2032,Kenya,East Africa,61.35682432432432,62.82439189189189,4.168918918918919,44.237162162162164,High
2032,Mexico,North America,62.24736486486487,71.51324324324324,16.635135135135137,43.627364864864866,High
2032,Morocco,North Africa,59.71628378378379,72.89344594594594,7.283783783783784,41.25445945945946,High
2032,New Zealand,Oceania,57.090202702702705,60.202972972972965,1.4324324324324325,40.86324324324325,High
2032,Nigeria,West Africa,61.06540540540541,62.244932432432435,5.195945945945946,43.99378378378378,High
2032,Pakistan,South Asia,58.08432432432432,71.53945945945947,5.966216216216216,39.76736486486486,High
2032,Papua New Guinea,Oceania,58.726621621621625,56.3520945945946,6.108108108108108,42.78831081081081,High
2032,South Africa,Southern Africa,58.15371621621622,71.38155405405405,7.804054054054054,39.990675675675675,High
2032,Spain,Southern Europe,57.4558108108108,60.157297297297305,1.1283783783783783,41.2097972972973,High
2032,Thailand,Southeast Asia,60.45344594594595,60.530743243243236,4.04054054054054,43.645675675675676,High
2032,Turkey,West Asia,56.70898648648649,61.35513513513513,1.2027027027027026,40.22554054054054,High
2032,USA,North America,57.5854054054054,61.93074324324324,1.364864864864865,40.93628378378378,High
2032,Ukraine,Eastern Europe,57.679121621621626,62.60932432432433,1.4256756756756757,40.946689189189186,High
2032,Vietnam,Southeast Asia,59.01722972972973,56.457837837837836,5.25,43.07804054054054,High
2035,Argentina,South America,56.96060810810811,61.759054054054054,0.9121621621621622,40.1025,High
2035,Australia,Oceania,60.087432432432436,72.6912162162162,6.547297297297297,41.387702702702704,High
2035,Bangladesh,South Asia,59.442364864864864,56.47155405405406,4.648648648648648,43.46067567567568,High
2035,Brazil,South America,61.21317567567567,62.51743243243243,3.891891891891892,43.998513513513515,High
2035,Canada,North America,54.79027027027027,57.5945945945946,0.2905405405405405,39.1945945945946,Moderate
2035,China,East Asia,56.60756756756757,60.829256756756756,1.5135135135135136,40.07256756756757,High
2035,Colombia,South America,61.26668918918919,62.711283783783784,4.925675675675675,44.11060810810811,High
2035,Egypt,North Africa,59.88905405405406,72.73587837837837,8.297297297297296,41.38108108108108,High
2035,Ethiopia,East Africa,60.06148648648649,64.56858108108108,5.472972972972973,42.479662162162164,High
2035,France,Western Europe,58.33425675675675,60.64243243243243,0.7837837837837838,41.80560810810811,High
2035,Germany,Western Europe,56.814324324324325,60.086283783783784,1.222972972972973,40.417162162162164,High
2035,Ghana,West Africa,60.60635135135135,63.84878378378379,4.54054054054054,43.40141891891892,High
2035,India,South Asia,60.929256756756764,62.4720945945946,3.858108108108108,43.88567567567568,High
2035,Indonesia,Southeast Asia,59.90756756756757,55.25189189189189,4.452702702702703,44.04141891891892,High
2035,Iran,West Asia,60.21263513513513,75.26493243243243,7.466216216216216,41.17297297297298,High
2035,Italy,Southern Europe,57.43216216216216,60.557297297297296,1.277027027027027,41.111824324324324,High
2035,Kenya,East Africa,59.62155405405405,62.965743243243246,4.878378378378378,42.31709459459459,High
2035,Mexico,North America,61.53337837837838,70.53006756756757,15.452702702702704,43.23628378378378,High
2035,Morocco,North Africa,58.79993243243243,71.48236486486486,7.756756756756757,40.58567567567568,High
2035,New Zealand,Oceania,57.120202702702706,61.42006756756757,1.1216216216216217,40.82655405405406,High
2035,Nigeria,West Africa,60.75351351351352,61.62581081081082,4.45945945945946,43.8279054054054,High
2035,Pakistan,South Asia,59.342770270270265,73.67141891891893,6.418918918918919,40.81567567567568,High
2035,Papua New Guinea,Oceania,58.167094594594595,54.49756756756757,4.777027027027027,42.73547297297298,High
2035,South Africa,Southern Africa,58.5997972972973,71.4075,8.614864864864865,40.29283783783784,High
2035,Spain,Southern Europe,57.429121621621626,61.381351351351356,1.0337837837837838,40.97743243243243,High
2035,Thailand,Southeast Asia,61.14074324324324,62.88567567567568,4.466216216216216,43.87763513513514,High
2035,Turkey,West Asia,56.71952702702703,60.04162162162162,1.0675675675675675,40.42594594594595,High
2035,USA,North America,56.7095945945946,61.0179054054054,1.4324324324324325,40.23216216216216,High
2035,Ukraine,Eastern Europe,56.09844594594595,59.469729729729735,1.0337837837837838,39.899054054054055,High
2035,Vietnam,Southeast Asia,58.318851351351356,56.22844594594594,5.216216216216216,42.414054054054056,High
2038,Argentina,South America,57.65371621621622,60.85445945945946,0.6216216216216216,41.04114864864865,High
2038,Australia,Oceania,60.675,75.07527027027027,8.243243243243244,41.79297297297297,High
2038,Bangladesh,South Asia,58.53391891891892,53.741283783783786,5.297297297297297,43.17986486486486,High
2038,Brazil,South America,61.29344594594595,61.19128378378378,4.45945945945946,44.65371621621622,High
2038,Canada,North America,52.351283783783785,55.4747972972973,0.11486486486486487,37.2577027027027,Moderate
2038,China,East Asia,56.6795945945946,60.90114864864866,1.7905405405405406,40.20918918918919,High
2038,Colombia,South America,60.216351351351356,63.67648648648649,4.8108108108108105,42.909662162162164,High
2038,Egypt,North Africa,58.97452702702702,70.31533783783784,6.993243243243243,40.98027027027027,High
2038,Ethiopia,East Africa,59.91547297297297,61.21344594594595,4.472972972972973,42.939054054054054,High
2038,France,Western Europe,56.635,61.070743243243236,1.2297297297297298,40.19148648648649,High
2038,Germany,Western Europe,55.895472972972975,59.92810810810811,0.7905405405405406,39.66587837837838,High
2038,Ghana,West Africa,59.6795945945946,62.60297297297297,4.675675675675675,42.61074324324325,High
2038,India,South Asia,61.86405405405405,63.61013513513513,5.722972972972973,44.51905405405405,High
2038,Indonesia,Southeast Asia,56.85256756756757,54.64641891891892,3.8513513513513513,41.25,High
2038,Iran,West Asia,59.61060810810811,70.87858108108108,7.351351351351352,41.388581081081085,High
2038,Italy,Southern Europe,58.66925675675675,62.15547297297297,0.8513513513513513,41.92527027027027,High
2038,Kenya,East Africa,60.33506756756757,63.22817567567568,3.641891891891892,43.127364864864866,High
2038,Mexico,North America,62.05695945945946,71.975,17.33783783783784,43.53472972972973,High
2038,Morocco,North Africa,59.630608108108106,72.07614864864865,7.804054054054054,41.29716216216216,High
2038,New Zealand,Oceania,56.619256756756755,61.704662162162165,1.2972972972972974,40.02912162162163,High
2038,Nigeria,West Africa,59.50783783783784,62.655135135135126,4.851351351351352,42.30398648648649,High
2038,Pakistan,South Asia,60.78189189189189,74.21324324324324,6.70945945945946,41.924932432432435,High
2038,Papua New Guinea,Oceania,58.16283783783784,54.60702702702703,5.006756756756757,42.512837837837836,High
2038,South Africa,Southern Africa,60.56675675675675,72.26810810810811,7.135135135135135,41.84594594594594,High
2038,Spain,Southern Europe,58.074729729729725,59.81229729729729,1.4054054054054055,41.976554054054056,High
2038,Thailand,Southeast Asia,60.045540540540536,61.45236486486487,4.256756756756757,43.057229729729734,High
2038,Turkey,West Asia,55.74972972972972,60.203108108108104,0.7702702702702703,39.37689189189189,High
2038,USA,North America,56.12635135135135,60.45337837837838,1.0743243243243243,39.65391891891892,High
2038,Ukraine,Eastern Europe,58.27087837837838,63.0041891891892,1.2364864864864864,41.39824324324324,High
2038,Vietnam,Southeast Asia,58.73601351351351,56.48912162162162,5.27027027027027,42.67277027027027,High
2041,Argentina,South America,56.439189189189186,61.87912162162163,0.7297297297297297,39.7877027027027,High
2041,Australia,Oceania,59.67763513513513,73.40797297297297,7.128378378378378,40.964256756756754,High
2041,Bangladesh,South Asia,57.79331081081081,55.12797297297298,4.912162162162162,42.4127027027027,High
2041,Brazil,South America,61.13675675675675,65.8108108108108,4.70945945945946,43.43108108108108,High
2041,Canada,North America,54.46351351351352,59.112702702702705,0.20270270270270271,38.475743243243244,Moderate
2041,China,East Asia,56.57432432432432,60.85601351351352,1.4256756756756757,40.22114864864865,High
2041,Colombia,South America,61.14013513513513,62.197162162162165,5.108108108108108,44.01493243243243,High
2041,Egypt,North Africa,58.723040540540545,71.54445945945946,8.385135135135135,40.44405405405406,High
2041,Ethiopia,East Africa,61.16222972972973,64.04702702702703,5.655405405405405,43.72493243243243,High
2041,France,Western Europe,57.068378378378384,59.634662162162165,1.1554054054054055,40.84182432432433,High
2041,Germany,Western Europe,56.12628378378379,60.8120945945946,0.8445945945945946,39.62047297297297,High
2041,Ghana,West Africa,59.96952702702703,63.69364864864865,4.662162162162162,42.611891891891894,High
2041,India,South Asia,61.14385135135136,63.885270270270276,5.628378378378378,43.86736486486486,High
2041,Indonesia,Southeast Asia,59.197770270270276,56.44527027027027,4.716216216216216,43.160135135135135,High
2041,Iran,West Asia,60.067297297297294,72.11060810810811,8.614864864864865,41.95574324324324,High
2041,Italy,Southern Europe,58.133243243243236,61.31148648648649,1.1418918918918919,41.681216216216214,High
2041,Kenya,East Africa,60.76770270270271,62.72432432432433,4.986486486486487,43.68337837837838,High
2041,Mexico,North America,63.832027027027024,73.45486486486486,17.31756756756757,44.87425675675676,High
2041,Morocco,North Africa,59.43885135135135,71.45398648648649,8.121621621621621,41.292635135135136,High
2041,New Zealand,Oceania,57.31587837837838,60.8252027027027,0.9932432432432432,40.83554054054054,High
2041,Nigeria,West Africa,61.23939189189189,62.99195945945946,5.0608108108108105,44.07777027027027,High
2041,Pakistan,South Asia,60.35270270270271,72.69749999999999,6.952702702702703,41.57851351351351,High
2041,Papua New Guinea,Oceania,58.72398648648648,56.97263513513514,4.8108108108108105,42.61358108108109,High
2041,South Africa,Southern Africa,59.663783783783785,71.88256756756758,7.898648648648648,41.41189189189189,High
2041,Spain,Southern Europe,57.332905405405405,61.51763513513514,0.8986486486486487,40.79047297297297,High
2041,Thailand,Southeast Asia,61.508445945945944,63.4647972972973,4.898648648648648,44.28378378378378,High
2041,Turkey,West Asia,57.65013513513513,62.70621621621622,1.195945945945946,40.97939189189189,High
2041,USA,North America,57.2997972972973,62.19898648648649,1.135135135135135,40.741283783783786,High
2041,Ukraine,Eastern Europe,56.20222972972973,60.900608108108116,1.8918918918918919,39.5822972972973,High
2041,Vietnam,Southeast Asia,57.630608108108106,54.23635135135135,5.02027027027027,41.903243243243246,High
2044,Argentina,South America,57.78945945945946,63.00364864864866,1.195945945945946,40.93804054054054,High
2044,Australia,Oceania,59.980405405405406,71.73445945945946,7.27027027027027,41.79797297297298,High
2044,Bangladesh,South Asia,59.07831081081081,57.4402027027027,4.831081081081081,42.8204054054054,High
2044,Brazil,South America,61.47283783783784,64.49371621621621,5.094594594594595,44.08216216216216,High
2044,Canada,North America,53.88743243243243,57.351216216216216,0.24324324324324326,38.33155405405405,Moderate
2044,China,East Asia,57.578581081081076,62.822297297297304,1.1689189189189189,40.692364864864864,High
2044,Colombia,South America,60.68310810810811,63.218310810810806,4.966216216216216,43.63898648648649,High
2044,Egypt,North Africa,58.79709459459459,71.32979729729729,8.27027027027027,40.52972972972973,High
2044,Ethiopia,East Africa,61.03777027027027,63.226148648648646,5.891891891891892,43.64554054054054,High
2044,France,Western Europe,57.8204054054054,61.85689189189189,1.3783783783783783,41.04128378378378,High
2044,Germany,Western Europe,57.634662162162165,60.34310810810811,0.8445945945945946,41.21804054054054,High
2044,Ghana,West Africa,59.95331081081081,60.67702702702703,5.0608108108108105,43.16195945945946,High
2044,India,South Asia,60.499121621621626,62.666418918918914,5.236486486486487,43.2747972972973,High
2044,Indonesia,Southeast Asia,58.4622972972973,53.89722972972973,4.412162162162162,42.98297297297297,High
2044,Iran,West Asia,60.251621621621624,74.76817567567568,7.898648648648648,41.43763513513514,High
2044,Italy,Southern Europe,56.950472972972975,59.414054054054056,1.4932432432432432,40.68891891891892,High
2044,Kenya,East Africa,60.741689189189195,62.328108108108104,4.155405405405405,43.71743243243243,High
2044,Mexico,North America,61.840135135135135,71.1895945945946,17.0472972972973,43.388243243243245,High
2044,Morocco,North Africa,59.155810810810806,73.96081081081081,7.506756756756757,40.35209459459459,High
2044,New Zealand,Oceania,56.08858108108109,61.663175675675674,1.3310810810810811,39.51087837837838,High
2044,Nigeria,West Africa,62.09094594594594,62.976554054054056,4.945945945945946,44.83581081081081,High
2044,Pakistan,South Asia,60.08777027027027,72.9554054054054,7.52027027027027,41.51966216216216,High
2044,Papua New Guinea,Oceania,58.87641891891892,54.902702702702705,4.986486486486487,43.212094594594596,High
2044,South Africa,Southern Africa,59.57628378378378,73.43567567567567,7.0675675675675675,40.78263513513514,High
2044,Spain,Southern Europe,58.71878378378378,62.05101351351351,0.9662162162162162,41.92108108108108,High
2044,Thailand,Southeast Asia,61.295405405405404,62.8875,4.824324324324325,44.11885135135135,High
2044,Turkey,West Asia,56.35331081081082,61.78385135135135,1.5743243243243243,39.89304054054054,High
2044,USA,North America,56.872567567567565,61.192432432432426,0.8581081081081081,40.43378378378378,High
2044,Ukraine,Eastern Europe,56.435878378378376,60.47094594594595,1.2702702702702702,40.01135135135135,High
2044,Vietnam,Southeast Asia,58.56527027027027,55.94533783783784,5.378378378378378,42.44527027027027,High
2047,Argentina,South America,58.30067567567568,64.49533783783784,1.2702702702702702,41.03567567567568,High
2047,Australia,Oceania,59.4527027027027,71.27074324324325,8.391891891891891,41.52243243243243,High
2047,Bangladesh,South Asia,60.4043918918919,56.060945945945946,5.047297297297297,44.51885135135135,High
2047,Brazil,South America,61.476283783783785,62.766283783783784,5.641891891891892,44.47689189189189,High
2047,Canada,North America,53.30777027027027,56.123310810810814,0.17567567567567569,37.95648648648649,Moderate
2047,China,East Asia,57.12445945945946,61.65831081081081,1.3445945945945945,40.73222972972973,High
2047,Colombia,South America,60.413851351351354,61.53790540540541,4.398648648648648,43.560878378378376,High
2047,Egypt,North Africa,60.57006756756757,73.33479729729729,8.16891891891892,41.97878378378378,High
2047,Ethiopia,East Africa,60.296216216216216,60.09256756756757,5.574324324324325,43.62114864864865,High
2047,France,Western Europe,58.177702702702696,62.51668918918919,1.4324324324324325,41.32743243243243,High
2047,Germany,Western Europe,57.64141891891892,60.722500000000004,1.2364864864864864,41.130067567567565,High
2047,Ghana,West Africa,61.26932432432433,63.719797297297305,4.331081081081081,43.96060810810811,High
2047,India,South Asia,60.84540540540541,62.825945945945946,4.277027027027027,43.68689189189189,High
2047,Indonesia,Southeast Asia,57.15952702702703,54.241351351351355,6.121621621621622,41.84898648648648,High
2047,Iran,West Asia,59.73810810810811,72.68763513513514,7.5675675675675675,41.39722972972973,High
2047,Italy,Southern Europe,56.38925675675676,60.854932432432435,0.7837837837837838,40.06493243243243,High
2047,Kenya,East Africa,60.806824324324324,64.31054054054053,5.0,43.44898648648648,High
2047,Mexico,North America,62.986554054054054,73.08432432432433,16.58108108108108,44.29763513513514,High
2047,Morocco,North Africa,59.530202702702695,73.96554054054054,8.993243243243244,40.81054054054054,High
2047,New Zealand,Oceania,57.47547297297298,60.653986486486495,1.3513513513513513,40.9779054054054,High
2047,Nigeria,West Africa,59.89310810810811,64.95297297297297,4.6891891891891895,42.576283783783786,High
2047,Pakistan,South Asia,59.5054054054054,72.24972972972972,7.851351351351352,40.91256756756757,High
2047,Papua New Guinea,Oceania,58.227162162162166,54.95824324324324,5.871621621621622,42.751689189189186,High
2047,South Africa,Southern Africa,59.8193918918919,72.97445945945945,7.081081081081081,41.16851351351351,High
2047,Spain,Southern Europe,56.5904054054054,60.07993243243243,1.1891891891891893,40.303445945945946,High
2047,Thailand,Southeast Asia,61.10047297297298,61.74540540540541,4.587837837837838,43.861486486486484,High
2047,Turkey,West Asia,55.884797297297304,60.328040540540535,1.1418918918918919,39.545540540540536,High
2047,USA,North America,56.52635135135135,61.33581081081081,0.9324324324324325,40.159256756756754,High
2047,Ukraine,Eastern Europe,55.39006756756756,59.24736486486487,1.054054054054054,39.42324324324325,High
2047,Vietnam,Southeast Asia,57.65689189189189,55.5772972972973,5.587837837837838,42.042297297297296,High
2050,Argentina,South America,56.24202702702703,59.99533783783784,1.195945945945946,40.10027027027027,High
2050,Australia,Oceania,59.255810810810814,73.30121621621622,7.506756756756757,40.50675675675676,High
2050,Bangladesh,South Asia,58.574662162162156,55.99668918918919,4.472972972972973,42.56689189189189,High
2050,Brazil,South America,60.75945945945946,62.32351351351351,6.081081081081081,43.72824324324324,High
2050,Canada,North America,53.35297297297297,56.85027027027027,0.0,37.883716216216214,Moderate
2050,China,East Asia,57.520135135135135,61.39966216216216,1.364864864864865,40.83202702702703,High
2050,Colombia,South America,61.307567567567574,63.9320945945946,5.513513513513513,44.026756756756754,High
2050,Egypt,North Africa,60.63702702702703,73.49858108108108,8.635135135135135,42.15013513513514,High
2050,Ethiopia,East Africa,59.98141891891892,63.52452702702702,5.114864864864865,42.76472972972973,High
2050,France,Western Europe,56.70222972972973,62.35439189189189,1.6418918918918919,40.133108108108104,High
2050,Germany,Western Europe,56.96047297297297,61.9816891891892,0.9932432432432432,40.5227027027027,High
2050,Ghana,West Africa,61.410608108108114,63.76925675675676,5.0,43.851216216216216,High
2050,India,South Asia,61.056216216216214,63.86635135135135,4.641891891891892,43.78405405405405,High
2050,Indonesia,Southeast Asia,59.168581081081086,55.92641891891892,4.736486486486487,43.29513513513514,High
2050,Iran,West Asia,59.23412162162162,72.58898648648649,7.608108108108108,40.70304054054054,High
2050,Italy,Southern Europe,57.03047297297297,61.57635135135135,1.837837837837838,40.65331081081081,High
2050,Kenya,East Africa,61.57304054054054,64.04202702702702,5.283783783783784,44.248378378378376,High
2050,Mexico,North America,64.00479729729729,70.75445945945945,17.716216216216218,45.50885135135135,High
2050,Morocco,North Africa,59.37472972972974,70.28412162162162,7.331081081081081,41.24141891891892,High
2050,New Zealand,Oceania,57.23216216216217,62.09763513513514,1.9189189189189189,40.66554054054054,High
2050,Nigeria,West Africa,61.405743243243236,64.28925675675676,5.452702702702703,43.93364864864865,High
2050,Pakistan,South Asia,60.328648648648645,73.03945945945947,7.864864864864865,41.74324324324324,High
2050,Papua New Guinea,Oceania,58.74743243243244,56.5997972972973,4.277027027027027,42.700608108108106,High
2050,South Africa,Southern Africa,59.8277027027027,71.96851351351351,8.02027027027027,41.30824324324324,High
2050,Spain,Southern Europe,56.752432432432435,61.99554054054054,1.5945945945945945,40.097297297297295,High
2050,Thailand,Southeast Asia,61.27081081081081,63.66783783783784,4.722972972972973,44.013040540540544,High
2050,Turkey,West Asia,56.01128378378378,62.61060810810811,0.8986486486486487,39.13891891891892,High
2050,USA,North America,57.98229729729729,61.09817567567568,1.2162162162162162,41.431891891891894,High
2050,Ukraine,Eastern Europe,58.229797297297296,63.73851351351351,1.777027027027027,41.39439189189189,High
2050,Vietnam,Southeast Asia,58.50364864864864,55.52472972972973,4.70945945945946,42.740878378378376,High
2053,Argentina,South America,56.53067567567568,61.99898648648649,1.8783783783783783,39.98506756756757,High
2053,Australia,Oceania,59.762364864864864,72.63581081081081,7.662162162162162,41.410000000000004,High
2053,Bangladesh,South Asia,58.11168918918919,55.545405405405404,4.9391891891891895,42.3772972972973,High
2053,Brazil,South America,59.24060810810811,61.36067567567567,5.864864864864865,42.2179054054054,High
2053,Canada,North America,53.704054054054055,57.77175675675675,0.04054054054054054,38.19405405405406,Moderate
2053,China,East Asia,57.22101351351352,60.81695945945946,0.9594594594594594,40.905337837837834,High
2053,Colombia,South America,61.405,62.685135135135134,5.283783783783784,44.421283783783785,High
2053,Egypt,North Africa,59.805472972972964,72.79736486486486,8.128378378378379,41.148581081081076,High
2053,Ethiopia,East Africa,61.6208108108108,62.61013513513513,4.29054054054054,44.51081081081081,High
2053,France,Western Europe,57.792229729729726,63.034121621621615,1.364864864864865,40.92668918918919,High
2053,Germany,Western Europe,57.37398648648649,61.04385135135135,1.662162162162162,40.86554054054054,High
2053,Ghana,West Africa,62.278378378378385,64.505,4.756756756756757,44.91804054054054,High
2053,India,South Asia,60.616621621621626,62.66445945945946,5.4391891891891895,43.29635135135135,High
2053,Indonesia,Southeast Asia,59.89398648648648,57.406486486486486,6.135135135135135,43.854594594594595,High
2053,Iran,West Asia,59.684391891891885,72.875,6.8108108108108105,41.09128378378379,High
2053,Italy,Southern Europe,56.491621621621626,59.59033783783784,1.114864864864865,40.39797297297297,High
2053,Kenya,East Africa,61.384594594594596,65.34864864864865,4.621621621621622,43.817364864864864,High
2053,Mexico,North America,63.473108108108114,70.78425675675676,16.64864864864865,45.09486486486487,High
2053,Morocco,North Africa,60.663986486486486,75.73567567567567,8.824324324324325,41.5527027027027,High
2053,New Zealand,Oceania,55.96398648648649,60.514932432432424,1.222972972972973,39.818445945945946,High
2053,Nigeria,West Africa,59.798986486486484,61.546148648648646,6.121621621621622,42.97094594594594,High
2053,Pakistan,South Asia,61.45155405405406,75.38695945945946,8.547297297297296,42.34932432432432,High
2053,Papua New Guinea,Oceania,59.58932432432432,56.46668918918919,5.277027027027027,43.737635135135136,High
2053,South Africa,Southern Africa,59.445878378378374,70.36587837837837,6.966216216216216,41.22527027027027,High
2053,Spain,Southern Europe,57.9075,60.42878378378378,1.6013513513513513,41.387567567567565,High
2053,Thailand,Southeast Asia,60.65790540540541,61.55878378378379,4.304054054054054,43.85060810810811,High
2053,Turkey,West Asia,56.97844594594594,60.96709459459459,1.337837837837838,40.5622972972973,High
2053,USA,North America,57.559999999999995,62.8979054054054,1.3310810810810811,40.62567567567568,High
2053,Ukraine,Eastern Europe,56.952432432432424,61.54702702702702,1.4324324324324325,40.53743243243243,High
2053,Vietnam,Southeast Asia,59.77641891891892,56.31304054054054,5.594594594594595,43.85054054054054,High
2056,Argentina,South America,57.39270270270271,63.52060810810811,1.587837837837838,40.48783783783784,High
2056,Australia,Oceania,59.376418918918915,73.84581081081082,7.918918918918919,40.699797297297295,High
2056,Bangladesh,South Asia,59.450540540540544,55.54,5.371621621621622,43.59513513513514,High
2056,Brazil,South America,60.27858108108108,62.707837837837836,5.668918918918919,43.34445945945946,High
2056,Canada,North America,53.14641891891892,57.57108108108108,0.19594594594594594,37.49304054054054,Moderate
2056,China,East Asia,58.12243243243244,61.461013513513514,1.4256756756756757,41.560135135135134,High
2056,Colombia,South America,61.26864864864865,64.61168918918919,6.128378378378378,43.671013513513515,High
2056,Egypt,North Africa,59.08864864864866,72.95060810810811,7.364864864864865,40.70668918918919,High
2056,Ethiopia,East Africa,61.58662162162162,63.50797297297297,5.601351351351352,44.185472972972974,High
2056,France,Western Europe,57.09540540540541,62.42094594594594,1.4527027027027026,40.43837837837838,High
2056,Germany,Western Europe,56.602162162162166,60.75871621621622,1.7567567567567568,40.06709459459459,High
2056,Ghana,West Africa,60.83013513513514,64.88250000000001,5.155405405405405,43.3670945945946,High
2056,India,South Asia,61.7195945945946,63.256418918918925,4.783783783783784,44.71797297297297,High
2056,Indonesia,Southeast Asia,57.693918918918925,54.519932432432434,4.587837837837838,41.792229729729726,High
2056,Iran,West Asia,60.160472972972975,71.39966216216216,7.97972972972973,41.927229729729724,High
2056,Italy,Southern Europe,56.65621621621622,60.71013513513514,1.8783783783783783,40.35,High
2056,Kenya,East Africa,59.61243243243243,63.28695945945945,5.27027027027027,42.30527027027027,High
2056,Mexico,North America,61.410405405405406,69.36885135135135,16.08783783783784,43.424324324324324,High
2056,Morocco,North Africa,59.45831081081081,73.0875,9.128378378378379,40.924054054054054,High
2056,New Zealand,Oceania,58.41932432432432,61.32337837837838,1.2094594594594594,41.887297297297295,High
2056,Nigeria,West Africa,61.26668918918919,65.39952702702702,4.594594594594595,43.6581081081081,High
2056,Pakistan,South Asia,59.74668918918919,72.73317567567568,8.074324324324325,40.93405405405405,High
2056,Papua New Guinea,Oceania,58.83060810810811,56.13263513513513,5.581081081081081,42.81945945945946,High
2056,South Africa,Southern Africa,59.38898648648649,72.49222972972973,8.79054054054054,41.12317567567568,High
2056,Spain,Southern Europe,56.925202702702705,61.42743243243243,0.8918918918918919,40.63081081081081,High
2056,Thailand,Southeast Asia,60.432635135135136,62.9706081081081,5.277027027027027,43.284256756756754,High
2056,Turkey,West Asia,56.60189189189189,62.135405405405415,1.1283783783783783,40.2497972972973,High
2056,USA,North America,55.73222972972974,59.492972972972964,1.3716216216216217,39.785540540540545,High
2056,Ukraine,Eastern Europe,58.92,62.027094594594594,1.1283783783783783,42.28628378378378,High
2056,Vietnam,Southeast Asia,58.638648648648655,54.50398648648649,4.621621621621622,43.108108108108105,High
2059,Argentina,South America,57.36736486486487,60.38581081081081,1.0945945945945945,40.875,High
2059,Australia,Oceania,60.373378378378376,70.80837837837838,7.695945945945946,42.20243243243243,High
2059,Bangladesh,South Asia,59.761621621621615,56.71722972972973,5.844594594594595,43.81,High
2059,Brazil,South America,60.40635135135135,61.67168918918919,5.608108108108108,43.70614864864865,High
2059,Canada,North America,54.733445945945945,57.913851351351354,0.23648648648648649,38.95851351351351,Moderate
2059,China,East Asia,57.38554054054054,63.130608108108106,1.2635135135135136,40.50081081081081,High
2059,Colombia,South America,61.12966216216216,63.17263513513513,5.601351351351352,44.04432432432433,High
2059,Egypt,North Africa,60.70398648648649,71.8177027027027,7.378378378378378,42.19135135135135,High
2059,Ethiopia,East Africa,60.278175675675676,61.599391891891884,5.121621621621622,43.09986486486486,High
2059,France,Western Europe,57.82445945945946,63.25074324324325,1.9932432432432432,40.92358108108108,High
2059,Germany,Western Europe,57.390540540540535,62.909189189189185,1.3513513513513513,40.535067567567566,High
2059,Ghana,West Africa,61.44560810810811,63.465270270270274,5.756756756756757,44.35675675675676,High
2059,India,South Asia,62.703581081081076,65.09385135135135,4.635135135135135,45.01932432432432,High
2059,Indonesia,Southeast Asia,59.19189189189189,57.336216216216215,5.418918918918919,43.08891891891892,High
2059,Iran,West Asia,60.880202702702704,75.02385135135135,7.608108108108108,42.06804054054054,High
2059,Italy,Southern Europe,56.358108108108105,61.189121621621624,0.6621621621621622,39.7570945945946,High
2059,Kenya,East Africa,60.100608108108105,63.127364864864866,6.5608108108108105,43.01108108108108,High
2059,Mexico,North America,62.760337837837845,71.83121621621622,17.344594594594593,44.116689189189195,High
2059,Morocco,North Africa,60.33108108108108,71.65574324324324,8.722972972972974,41.93114864864865,High
2059,New Zealand,Oceania,57.7725,60.18472972972973,1.3108108108108107,41.377027027027026,High
2059,Nigeria,West Africa,60.35898648648648,63.31263513513514,6.824324324324325,43.32074324324324,High
2059,Pakistan,South Asia,60.19743243243243,73.20716216216216,7.5608108108108105,41.37858108108108,High
2059,Papua New Guinea,Oceania,58.004999999999995,56.924594594594595,5.331081081081081,41.98047297297297,High
2059,South Africa,Southern Africa,59.60033783783784,73.56391891891892,8.587837837837839,40.97445945945946,High
2059,Spain,Southern Europe,56.67817567567568,61.54506756756757,1.364864864864865,40.307297297297296,High
2059,Thailand,Southeast Asia,61.780202702702695,62.8245945945946,5.128378378378378,44.85364864864865,High
2059,Turkey,West Asia,58.248175675675675,61.67094594594594,1.4527027027027026,41.58716216216216,High
2059,USA,North America,58.21378378378378,64.95371621621621,1.3513513513513513,41.001283783783784,High
2059,Ukraine,Eastern Europe,57.32716216216216,59.80391891891892,0.972972972972973,40.77256756756757,High
2059,Vietnam,Southeast Asia,59.51013513513514,55.79027027027026,4.952702702702703,43.637027027027024,High
2062,Argentina,South America,56.96716216216216,61.99878378378378,1.587837837837838,40.09905405405405,High
2062,Australia,Oceania,59.89641891891892,71.2070945945946,8.817567567567568,41.75763513513514,High
2062,Bangladesh,South Asia,58.69500000000001,54.44195945945946,5.121621621621622,43.189864864864866,High
2062,Brazil,South America,61.34716216216216,65.99405405405406,5.628378378378378,43.726216216216216,High
2062,Canada,North America,55.008648648648645,56.67439189189189,0.3918918918918919,39.692905405405405,High
2062,China,East Asia,57.19195945945946,64.12486486486486,1.5,40.14364864864865,High
2062,Colombia,South America,61.57033783783784,63.4043918918919,5.45945945945946,44.22952702702703,High
2062,Egypt,North Africa,60.62168918918919,72.81317567567568,7.905405405405405,42.016554054054055,High
2062,Ethiopia,East Africa,60.851486486486486,62.97939189189189,5.97972972972973,43.49885135135135,High
2062,France,Western Europe,57.62479729729729,61.509729729729735,1.6689189189189189,41.11006756756757,High
2062,Germany,Western Europe,57.3681081081081,61.20966216216217,1.0675675675675675,40.97067567567567,High
2062,Ghana,West Africa,62.54837837837838,66.49864864864864,6.304054054054054,44.75101351351351,High
2062,India,South Asia,60.622567567567565,63.62844594594595,6.29054054054054,43.33797297297298,High
2062,Indonesia,Southeast Asia,60.246959459459454,56.43641891891892,5.5,44.34581081081081,High
2062,Iran,West Asia,58.74709459459459,71.33614864864865,7.952702702702703,40.652499999999996,High
2062,Italy,Southern Europe,58.513513513513516,62.84310810810811,1.8108108108108107,41.508918918918916,High
2062,Kenya,East Africa,60.61554054054054,63.148851351351354,6.371621621621622,43.446418918918916,High
2062,Mexico,North America,63.83317567567567,73.00087837837837,16.972972972972972,45.053378378378376,High
2062,Morocco,North Africa,59.67358108108108,71.92574324324325,8.682432432432432,41.391621621621624,High
2062,New Zealand,Oceania,57.59216216216216,64.97675675675676,1.135135135135135,40.36324324324325,High
2062,Nigeria,West Africa,60.692297297297294,61.4558108108108,5.628378378378378,43.82222972972973,High
2062,Pakistan,South Asia,60.005135135135134,72.01243243243243,7.47972972972973,41.560743243243245,High
2062,Papua New Guinea,Oceania,60.21493243243243,56.30587837837838,5.993243243243243,44.41141891891892,High
2062,South Africa,Southern Africa,61.72864864864865,73.83993243243243,8.972972972972974,43.111554054054054,High
2062,Spain,Southern Europe,60.056756756756755,62.95945945945946,1.364864864864865,43.218716216216215,High
2062,Thailand,Southeast Asia,61.87027027027027,63.79864864864865,6.3175675675675675,44.64587837837838,High
2062,Turkey,West Asia,56.903378378378385,62.328581081081076,1.8918918918918919,40.37141891891892,High
2062,USA,North America,57.29608108108108,62.572162162162165,1.614864864864865,40.673648648648644,High
2062,Ukraine,Eastern Europe,57.28047297297297,60.30594594594595,1.3581081081081081,40.799864864864865,High
2062,Vietnam,Southeast Asia,59.54750000000001,55.95249999999999,4.5608108108108105,43.46736486486486,High
2065,Argentina,South America,56.8172972972973,60.43824324324325,1.3918918918918919,40.31831081081081,High
2065,Australia,Oceania,60.72540540540541,72.89824324324324,8.533783783783784,42.12236486486486,High
2065,Bangladesh,South Asia,58.766216216216215,55.42635135135136,6.398648648648648,43.086081081081076,High
2065,Brazil,South America,61.51047297297297,64.27885135135135,6.378378378378378,44.072432432432436,High
2065,Canada,North America,54.44209459459459,59.06925675675676,0.22297297297297297,38.891486486486485,Moderate
2065,China,East Asia,57.90547297297297,61.86560810810811,1.8175675675675675,41.531283783783785,High
2065,Colombia,South America,60.51648648648649,64.23304054054054,5.554054054054054,42.987094594594595,High
2065,Egypt,North Africa,59.7058108108108,72.19817567567567,8.25,41.25466216216216,High
2065,Ethiopia,East Africa,61.159189189189185,62.08121621621622,5.695945945945946,44.11614864864865,High
2065,France,Western Europe,56.91216216216216,62.01797297297297,1.6756756756756757,40.40891891891892,High
2065,Germany,Western Europe,56.48114864864864,60.987837837837844,1.75,40.00358108108108,High
2065,Ghana,West Africa,61.46236486486487,65.41506756756758,5.756756756756757,44.057432432432435,High
2065,India,South Asia,60.81574324324324,63.48533783783784,4.756756756756757,43.597162162162164,High
2065,Indonesia,Southeast Asia,59.638513513513516,55.92952702702703,6.148648648648648,43.784797297297295,High
2065,Iran,West Asia,60.03648648648648,73.70013513513514,7.831081081081081,41.16668918918919,High
2065,Italy,Southern Europe,57.860067567567576,61.92331081081081,1.5743243243243243,41.43493243243243,High
2065,Kenya,East Africa,60.348040540540545,62.289121621621625,5.716216216216216,43.18337837837838,High
2065,Mexico,North America,62.60222972972972,73.32554054054054,17.445945945945947,43.836486486486486,High
2065,Morocco,North Africa,61.942567567567565,74.70148648648649,7.391891891891892,42.99932432432432,High
2065,New Zealand,Oceania,57.69560810810811,62.64486486486487,1.7297297297297298,41.00702702702703,High
2065,Nigeria,West Africa,60.21168918918919,63.0472972972973,5.743243243243243,43.14614864864865,High
2065,Pakistan,South Asia,59.346013513513505,72.67047297297297,8.43918918918919,40.891216216216215,High
2065,Papua New Guinea,Oceania,59.413175675675674,56.37040540540541,5.594594594594595,43.39398648648649,High
2065,South Africa,Southern Africa,59.601351351351354,73.7625,8.405405405405405,40.86020270270271,High
2065,Spain,Southern Europe,57.418581081081086,61.47918918918919,1.2364864864864864,40.98824324324325,High
2065,Thailand,Southeast Asia,60.34175675675676,64.50648648648648,5.9391891891891895,42.91222972972973,High
2065,Turkey,West Asia,57.11256756756757,61.262229729729725,1.4391891891891893,40.612027027027025,High
2065,USA,North America,57.64662162162163,61.58966216216216,0.7162162162162162,40.90912162162162,High
2065,Ukraine,Eastern Europe,57.10310810810811,61.82898648648649,1.3716216216216217,40.46756756756756,High
2065,Vietnam,Southeast Asia,59.13547297297297,56.65432432432433,5.135135135135135,42.93655405405405,High
2068,Argentina,South America,57.23736486486486,62.77797297297297,1.472972972972973,40.44635135135135,High
2068,Australia,Oceania,60.215743243243246,75.55641891891892,8.756756756756756,41.11040540540541,High
2068,Bangladesh,South Asia,58.26331081081081,54.670675675675675,5.804054054054054,42.47445945945946,High
2068,Brazil,South America,61.12418918918918,61.43858108108108,5.743243243243243,44.131013513513516,High
2068,Canada,North America,52.913445945945945,58.2697972972973,0.1554054054054054,37.48101351351351,Moderate
2068,China,East Asia,57.70817567567567,62.60621621621621,1.6081081081081081,40.82135135135135,High
2068,Colombia,South America,61.02905405405405,63.16331081081081,4.952702702702703,43.71641891891892,High
2068,Egypt,North Africa,60.70716216216216,74.73506756756757,8.385135135135135,41.64594594594595,High
2068,Ethiopia,East Africa,60.466418918918926,63.43729729729729,5.8175675675675675,43.340202702702705,High
2068,France,Western Europe,57.947162162162165,61.05885135135136,1.087837837837838,41.41121621621621,High
2068,Germany,Western Europe,57.75601351351351,61.67756756756757,1.9054054054054055,41.14371621621622,High
2068,Ghana,West Africa,58.96628378378379,61.920337837837835,5.952702702702703,42.17013513513514,High
2068,India,South Asia,60.997567567567565,64.2141891891892,6.3108108108108105,43.70297297297297,High
2068,Indonesia,Southeast Asia,58.87385135135135,57.332094594594594,6.75,42.81385135135135,High
2068,Iran,West Asia,59.72385135135134,72.78013513513513,8.554054054054054,41.05202702702702,High
2068,Italy,Southern Europe,57.9070945945946,61.20277027027027,1.1891891891891893,41.39398648648648,High
2068,Kenya,East Africa,60.79858108108108,63.42155405405405,5.918918918918919,43.758310810810805,High
2068,Mexico,North America,62.69432432432433,73.49560810810812,18.864864864864863,43.94837837837838,High
2068,Morocco,North Africa,58.81385135135135,72.22601351351352,8.79054054054054,40.3625,High
2068,New Zealand,Oceania,56.92155405405405,61.69878378378378,1.2635135135135136,40.27466216216216,High
2068,Nigeria,West Africa,60.48418918918919,61.652635135135135,6.128378378378378,43.5945945945946,High
2068,Pakistan,South Asia,60.67831081081081,73.70777027027027,8.594594594594595,42.0227027027027,High
2068,Papua New Guinea,Oceania,59.64236486486486,56.40412162162162,6.283783783783784,43.71067567567568,High
2068,South Africa,Southern Africa,60.26074324324325,74.28155405405406,8.04054054054054,41.368716216216214,High
2068,Spain,Southern Europe,57.491621621621626,63.27905405405405,1.0337837837837838,40.50945945945946,High
2068,Thailand,Southeast Asia,61.273513513513514,63.76182432432432,5.445945945945946,43.81574324324324,High
2068,Turkey,West Asia,57.26263513513514,62.10635135135135,1.6216216216216217,40.476081081081084,High
2068,USA,North America,56.47445945945945,62.35412162162162,1.8716216216216217,39.89439189189189,High
2068,Ukraine,Eastern Europe,58.639932432432424,61.614662162162155,1.4324324324324325,41.7831081081081,High
2068,Vietnam,Southeast Asia,59.86560810810811,57.06864864864865,5.418918918918919,43.89763513513514,High
2071,Argentina,South America,57.484391891891896,61.296418918918924,0.9932432432432432,40.79148648648649,High
2071,Australia,Oceania,60.16682432432433,72.72608108108108,8.75,41.48189189189189,High
2071,Bangladesh,South Asia,59.54074324324325,58.7579054054054,6.141891891891892,43.29094594594595,High
2071,Brazil,South America,62.36310810810811,65.06824324324324,6.486486486486487,44.86222972972973,High
2071,Canada,North America,55.20155405405406,58.4522972972973,0.13513513513513514,39.233243243243244,High
2071,China,East Asia,57.18810810810811,62.92736486486486,1.2297297297297298,40.3502027027027,High
2071,Colombia,South America,62.32574324324324,63.33567567567568,5.054054054054054,44.89,High
2071,Egypt,North Africa,59.74452702702703,71.85635135135135,8.533783783783784,41.22682432432432,High
2071,Ethiopia,East Africa,62.47121621621621,62.69506756756757,4.554054054054054,45.37513513513514,High
2071,France,Western Europe,58.906554054054055,61.11783783783784,1.2027027027027026,42.450608108108106,High
2071,Germany,Western Europe,57.77722972972973,63.70331081081081,1.3445945945945945,40.87608108108108,High
2071,Ghana,West Africa,61.89716216216217,62.73689189189189,6.594594594594595,44.52155405405405,High
2071,India,South Asia,60.25810810810811,62.61371621621622,6.72972972972973,43.41777027027027,High
2071,Indonesia,Southeast Asia,59.36047297297298,57.29716216216216,6.243243243243243,43.27871621621622,High
2071,Iran,West Asia,60.93087837837838,72.86952702702703,8.43918918918919,42.61554054054054,High
2071,Italy,Southern Europe,56.89493243243244,62.574121621621615,1.6824324324324325,40.028513513513516,High
2071,Kenya,East Africa,61.02722972972973,62.83871621621621,5.02027027027027,43.86418918918919,High
2071,Mexico,North America,63.58425675675675,72.69831081081081,18.864864864864863,45.01371621621622,High
2071,Morocco,North Africa,59.55236486486486,73.98554054054054,8.216216216216216,40.99689189189189,High
2071,New Zealand,Oceania,56.810945945945946,60.821554054054054,1.2432432432432432,40.42709459459459,High
2071,Nigeria,West Africa,61.06195945945946,63.97601351351352,5.77027027027027,43.71283783783784,High
2071,Pakistan,South Asia,60.18222972972973,71.43121621621621,8.20945945945946,41.758918918918916,High
2071,Papua New Guinea,Oceania,57.05006756756757,54.49641891891892,5.405405405405405,41.773986486486486,High
2071,South Africa,Southern Africa,60.95418918918919,73.94054054054054,8.824324324324325,42.281283783783785,High
2071,Spain,Southern Europe,57.840743243243246,61.93648648648649,1.527027027027027,40.97675675675676,High
2071,Thailand,Southeast Asia,61.41837837837838,64.82770270270271,6.378378378378378,43.994391891891894,High
2071,Turkey,West Asia,58.002364864864866,62.162499999999994,1.6283783783783783,41.12283783783784,High
2071,USA,North America,57.93081081081081,64.2987162162162,1.8243243243243243,41.02993243243243,High
2071,Ukraine,Eastern Europe,57.582972972972975,63.1795945945946,2.0135135135135136,40.78655405405405,High
2071,Vietnam,Southeast Asia,58.32763513513513,57.153243243243246,5.986486486486487,42.23878378378379,High
2074,Argentina,South America,57.34837837837838,61.621959459459454,2.175675675675676,40.80824324324324,High
2074,Australia,Oceania,59.81277027027026,73.69128378378377,8.837837837837839,40.97108108108108,High
2074,Bangladesh,South Asia,59.50777027027027,57.2793918918919,6.114864864864865,43.44905405405405,High
2074,Brazil,South America,60.54283783783784,62.9070945945946,5.783783783783784,43.42108108108108,High
2074,Canada,North America,53.594054054054055,56.388445945945946,0.22972972972972974,38.35060810810811,Moderate
2074,China,East Asia,56.66087837837838,59.98459459459459,1.554054054054054,40.47804054054054,High
2074,Colombia,South America,62.70162162162162,63.90891891891892,7.02027027027027,45.50310810810811,High
2074,Egypt,North Africa,60.09689189189189,72.55391891891891,7.486486486486487,41.43993243243243,High
2074,Ethiopia,East Africa,61.13763513513514,62.08702702702702,5.527027027027027,44.16621621621622,High
2074,France,Western Europe,57.16939189189189,61.71283783783784,1.8986486486486487,40.491283783783786,High
2074,Germany,Western Europe,58.181216216216214,61.946621621621624,1.4189189189189189,41.475675675675674,High
2074,Ghana,West Africa,60.766756756756756,63.093310810810806,5.621621621621622,43.65905405405405,High
2074,India,South Asia,61.69844594594595,63.79324324324324,6.304054054054054,44.284527027027025,High
2074,Indonesia,Southeast Asia,58.39655405405406,55.1402027027027,5.77027027027027,42.696891891891894,High
2074,Iran,West Asia,59.2372972972973,72.14959459459459,8.837837837837839,40.93736486486486,High
2074,Italy,Southern Europe,57.09371621621622,61.141351351351354,1.527027027027027,40.614459459459454,High
2074,Kenya,East Africa,61.721013513513505,63.81175675675675,6.256756756756757,44.37560810810811,High
2074,Mexico,North America,63.68756756756757,72.57777027027028,18.986486486486488,44.76554054054054,High
2074,Morocco,North Africa,61.03324324324324,73.56783783783784,8.472972972972974,42.174864864864865,High
2074,New Zealand,Oceania,57.24777027027027,61.104932432432435,1.9864864864864864,40.618986486486484,High
2074,Nigeria,West Africa,60.88581081081081,62.77722972972973,5.081081081081081,43.813986486486485,High
2074,Pakistan,South Asia,60.670675675675675,74.52,9.371621621621621,41.784256756756754,High
2074,Papua New Guinea,Oceania,57.821554054054054,56.47527027027027,6.033783783783784,41.81472972972973,High
2074,South Africa,Southern Africa,60.69621621621622,73.18668918918918,8.824324324324325,42.06628378378379,High
2074,Spain,Southern Europe,57.743581081081075,64.47790540540541,1.9594594594594594,40.489729729729724,High
2074,Thailand,Southeast Asia,60.63594594594595,64.52783783783784,6.533783783783784,43.12527027027027,High
2074,Turkey,West Asia,57.611351351351345,63.55,1.7972972972972974,40.611689189189185,High
2074,USA,North America,56.74263513513513,61.237229729729734,1.6891891891891893,40.12885135135135,High
2074,Ukraine,Eastern Europe,58.36682432432432,63.53662162162162,1.6756756756756757,41.362364864864865,High
2074,Vietnam,Southeast Asia,60.26648648648649,56.44554054054054,5.52027027027027,44.27513513513514,High
2077,Argentina,South America,57.6227027027027,63.59689189189189,1.7972972972972974,40.75777027027027,High
2077,Australia,Oceania,60.66837837837838,72.97128378378379,8.885135135135135,42.093378378378375,High
2077,Bangladesh,South Asia,59.50283783783784,58.13567567567568,5.702702702702703,43.049391891891894,High
2077,Brazil,South America,60.354594594594595,62.22837837837837,6.648648648648648,43.59216216216216,High
2077,Canada,North America,53.73432432432433,56.56236486486486,0.3783783783783784,38.45364864864865,Moderate
2077,China,East Asia,57.65054054054055,62.48459459459459,1.2094594594594594,40.94601351351351,High
2077,Colombia,South America,60.23229729729729,64.15790540540542,5.6891891891891895,42.95608108108108,High
2077,Egypt,North Africa,59.62871621621621,70.92878378378379,9.182432432432432,41.41283783783784,High
2077,Ethiopia,East Africa,61.32006756756757,63.935608108108106,6.844594594594595,44.049932432432435,High
2077,France,Western Europe,57.90094594594595,62.02243243243243,1.6756756756756757,41.07013513513514,High
2077,Germany,Western Europe,57.302770270270265,61.79682432432433,1.4527027027027026,40.64310810810811,High
2077,Ghana,West Africa,59.73067567567567,63.29006756756757,5.486486486486487,42.373716216216216,High
2077,India,South Asia,60.73594594594594,62.68304054054054,5.9391891891891895,43.72668918918919,High
2077,Indonesia,Southeast Asia,59.513445945945946,55.35797297297297,5.8108108108108105,43.825540540540544,High
2077,Iran,West Asia,60.25709459459459,73.46729729729729,9.641891891891891,41.6552027027027,High
2077,Italy,Southern Europe,57.59256756756757,62.116081081081084,1.2905405405405406,40.89074324324324,High
2077,Kenya,East Africa,62.938918918918915,65.0354054054054,6.337837837837838,45.24216216216216,High
2077,Mexico,North America,64.31932432432433,72.8695945945946,16.9527027027027,45.548648648648644,High
2077,Morocco,North Africa,61.733243243243244,76.23398648648649,9.033783783783784,42.641756756756756,High
2077,New Zealand,Oceania,56.48547297297298,61.647837837837834,1.3783783783783783,40.12567567567568,High
2077,Nigeria,West Africa,60.73472972972973,63.608108108108105,6.148648648648648,43.49635135135135,High
2077,Pakistan,South Asia,60.62527027027028,71.75250000000001,8.763513513513514,42.12898648648649,High
2077,Papua New Guinea,Oceania,60.08317567567567,57.35837837837838,5.675675675675675,44.12209459459459,High
2077,South Africa,Southern Africa,60.39763513513514,73.04358108108109,9.155405405405405,41.84513513513514,High
2077,Spain,Southern Europe,57.69459459459459,63.428445945945946,1.6486486486486487,40.942972972972974,High
2077,Thailand,Southeast Asia,60.987905405405414,65.24722972972972,5.635135135135135,43.47108108108108,High
2077,Turkey,West Asia,57.19148648648649,62.203851351351354,1.304054054054054,40.630067567567565,High
2077,USA,North America,57.99554054054054,59.80527027027027,1.5945945945945945,41.61067567567568,High
2077,Ukraine,Eastern Europe,58.54162162162162,61.754932432432426,1.4189189189189189,41.83371621621622,High
2077,Vietnam,Southeast Asia,60.30797297297297,57.01324324324324,6.533783783783784,44.15358108108108,High
2080,Argentina,South America,57.74885135135135,62.09574324324324,1.635135135135135,41.19513513513514,High
2080,Australia,Oceania,60.51506756756756,72.97770270270271,9.337837837837839,42.020405405405405,High
2080,Bangladesh,South Asia,59.64378378378379,56.40121621621621,6.614864864864865,43.673986486486484,High
2080,Brazil,South America,60.91222972972973,61.98418918918919,5.1824324324324325,43.986959459459456,High
2080,Canada,North America,55.23452702702703,58.69858108108108,0.22972972972972974,39.45331081081081,High
2080,China,East Asia,58.3677027027027,63.15087837837838,1.5608108108108107,41.424797297297296,High
2080,Colombia,South America,60.490472972972974,63.542432432432435,6.9391891891891895,43.2820945945946,High
2080,Egypt,North Africa,60.023581081081076,73.31918918918919,9.52027027027027,41.24506756756757,High
2080,Ethiopia,East Africa,61.139932432432424,63.79722972972973,6.3175675675675675,43.789054054054056,High
2080,France,Western Europe,58.32891891891892,62.52466216216216,1.6216216216216217,41.41304054054054,High
2080,Germany,Western Europe,57.75986486486486,60.034932432432434,1.6824324324324325,41.32783783783784,High
2080,Ghana,West Africa,60.56689189189189,63.25533783783783,7.256756756756757,43.32952702702703,High
2080,India,South Asia,61.25054054054054,64.58932432432432,5.418918918918919,43.61006756756757,High
2080,Indonesia,Southeast Asia,59.693851351351356,56.35851351351351,5.79054054054054,43.6404054054054,High
2080,Iran,West Asia,60.119797297297296,75.11358108108108,9.52027027027027,40.98601351351351,High
2080,Italy,Southern Europe,55.98155405405406,60.78939189189189,1.364864864864865,39.57290540540541,High
2080,Kenya,East Africa,62.65445945945946,64.15662162162162,6.114864864864865,45.096148648648644,High
2080,Mexico,North America,62.34966216216216,72.51662162162161,18.905405405405407,43.68439189189189,High
2080,Morocco,North Africa,59.427702702702696,71.71986486486487,8.70945945945946,40.989797297297294,High
2080,New Zealand,Oceania,58.774391891891895,62.628040540540546,1.7635135135135136,41.85567567567568,High
2080,Nigeria,West Africa,61.02729729729729,63.689189189189186,6.1824324324324325,43.932702702702706,High
2080,Pakistan,South Asia,59.74216216216216,74.17304054054054,8.72972972972973,40.96074324324324,High
2080,Papua New Guinea,Oceania,58.88236486486487,55.506418918918925,6.533783783783784,43.16256756756757,High
2080,South Africa,Southern Africa,60.19087837837838,73.91060810810811,9.35135135135135,41.39722972972973,High
2080,Spain,Southern Europe,57.28972972972972,61.4572972972973,1.6689189189189189,40.575540540540544,High
2080,Thailand,Southeast Asia,61.339256756756754,63.25128378378379,5.648648648648648,44.03405405405405,High
2080,Turkey,West Asia,56.62135135135134,61.22729729729729,1.2567567567567568,40.13236486486487,High
2080,USA,North America,57.870202702702706,62.716351351351356,1.5608108108108107,41.133986486486485,High
2080,Ukraine,Eastern Europe,58.413108108108105,63.348040540540545,1.8986486486486487,41.487297297297296,High
2080,Vietnam,Southeast Asia,58.78743243243244,57.016351351351354,6.993243243243243,42.670878378378376,High
2083,Argentina,South America,58.258445945945944,61.22412162162162,2.114864864864865,41.68054054054054,High
2083,Australia,Oceania,59.63033783783784,71.61500000000001,8.878378378378379,41.39081081081081,High
2083,Bangladesh,South Asia,59.13364864864865,55.042567567567566,5.736486486486487,43.50675675675676,High
2083,Brazil,South America,60.00128378378379,62.88675675675675,6.283783783783784,42.80871621621621,High
2083,Canada,North America,53.17689189189189,55.51655405405406,0.46621621621621623,37.990337837837835,Moderate
2083,China,East Asia,57.6522972972973,63.51770270270271,1.5675675675675675,40.80804054054054,High
2083,Colombia,South America,59.9522972972973,61.65770270270271,6.074324324324325,43.11844594594594,High
2083,Egypt,North Africa,59.93817567567568,70.67283783783783,8.074324324324325,41.81,High
2083,Ethiopia,East Africa,61.163175675675674,62.935675675675675,6.263513513513513,43.96554054054054,High
2083,France,Western Europe,57.93689189189189,62.92344594594594,1.614864864864865,40.97918918918919,High
2083,Germany,Western Europe,58.295608108108105,63.47777027027028,1.7567567567567568,41.33540540540541,High
2083,Ghana,West Africa,60.68864864864865,61.967770270270265,6.047297297297297,43.99655405405405,High
2083,India,South Asia,61.93878378378379,66.34,7.777027027027027,44.240945945945946,High
2083,Indonesia,Southeast Asia,59.545743243243244,56.58493243243243,5.722972972972973,43.506013513513516,High
2083,Iran,West Asia,60.5152027027027,73.37466216216217,9.195945945945946,41.84608108108108,High
2083,Italy,Southern Europe,57.80168918918919,62.91783783783784,1.2567567567567568,41.08094594594594,High
2083,Kenya,East Africa,60.58418918918918,62.807635135135136,6.885135135135135,43.27614864864865,High
2083,Mexico,North America,63.64412162162162,71.7075,18.594594594594593,45.07668918918919,High
2083,Morocco,North Africa,60.028851351351356,74.93628378378378,9.85135135135135,41.13709459459459,High
2083,New Zealand,Oceania,56.23006756756756,60.693175675675676,1.4864864864864864,39.788513513513514,High
2083,Nigeria,West Africa,61.09216216216216,62.00932432432432,5.9324324324324325,44.16486486486486,High
2083,Pakistan,South Asia,60.240945945945946,72.71513513513514,9.513513513513514,41.79006756756757,High
2083,Papua New Guinea,Oceania,59.52243243243243,57.78662162162162,6.081081081081081,43.29304054054054,High
2083,South Africa,Southern Africa,60.718445945945945,75.31432432432433,9.554054054054054,41.567905405405405,High
2083,Spain,Southern Europe,58.17999999999999,62.57831081081081,1.554054054054054,41.473310810810815,High
2083,Thailand,Southeast Asia,60.22087837837838,62.14358108108108,5.871621621621622,43.30189189189189,High
2083,Turkey,West Asia,58.42202702702702,63.45344594594595,1.8986486486486487,41.60581081081081,High
2083,USA,North America,57.43135135135135,60.15351351351351,1.8986486486486487,41.277432432432434,High
2083,Ukraine,Eastern Europe,57.405810810810806,62.34202702702703,1.4932432432432432,40.72783783783784,High
2083,Vietnam,Southeast Asia,58.59912162162162,55.7977027027027,5.72972972972973,42.83121621621622,High
2086,Argentina,South America,57.08027027027026,61.79378378378378,1.364864864864865,40.47817567567568,High
2086,Australia,Oceania,59.659932432432434,75.73689189189189,9.108108108108109,40.72736486486486,High
2086,Bangladesh,South Asia,60.8718918918919,58.12966216216216,6.777027027027027,44.625,High
2086,Brazil,South America,61.85364864864865,63.057702702702706,6.277027027027027,44.62412162162162,High
2086,Canada,North America,54.69844594594595,56.19412162162162,0.2635135135135135,39.41986486486487,Moderate
2086,China,East Asia,56.714256756756754,60.62236486486487,1.5405405405405406,40.14385135135135,High
2086,Colombia,South America,61.594729729729735,65.10979729729729,6.6824324324324325,43.81567567567568,High
2086,Egypt,North Africa,60.37513513513514,73.7110135135135,10.243243243243244,41.80209459459459,High
2086,Ethiopia,East Africa,62.27527027027027,66.02675675675677,5.97972972972973,44.31831081081081,High
2086,France,Western Europe,57.395,61.98466216216216,2.1486486486486487,40.99277027027027,High
2086,Germany,Western Europe,57.83175675675676,62.1377027027027,1.1081081081081081,41.10722972972973,High
2086,Ghana,West Africa,62.37405405405406,66.41797297297298,7.033783783783784,44.682094594594595,High
2086,India,South Asia,60.58513513513514,65.41635135135135,6.891891891891892,43.04662162162162,High
2086,Indonesia,Southeast Asia,59.92432432432432,57.25135135135135,5.905405405405405,43.66952702702703,High
2086,Iran,West Asia,60.23939189189189,74.26162162162161,10.18918918918919,41.3454054054054,High
2086,Italy,Southern Europe,57.23398648648648,60.880135135135134,1.4864864864864864,40.75304054054054,High
2086,Kenya,East Africa,60.79925675675676,63.33317567567567,5.898648648648648,43.49695945945946,High
2086,Mexico,North America,62.714594594594594,71.4058108108108,19.885135135135137,44.152567567567566,High
2086,Morocco,North Africa,60.00344594594595,74.56432432432433,9.10135135135135,41.175472972972976,High
2086,New Zealand,Oceania,56.899391891891895,64.63141891891892,2.391891891891892,39.68817567567568,High
2086,Nigeria,West Africa,60.66668918918919,61.408648648648644,5.905405405405405,43.972162162162164,High
2086,Pakistan,South Asia,60.90783783783784,74.71695945945946,9.60135135135135,41.8829054054054,High
2086,Papua New Guinea,Oceania,59.851351351351354,55.9604054054054,5.79054054054054,43.87574324324324,High
2086,South Africa,Southern Africa,59.804054054054056,72.09797297297297,9.216216216216216,41.402499999999996,High
2086,Spain,Southern Europe,56.87047297297297,61.302229729729724,2.324324324324324,40.3875,High
2086,Thailand,Southeast Asia,61.91236486486487,64.86574324324324,6.655405405405405,44.435135135135134,High
2086,Turkey,West Asia,57.87722972972973,60.13418918918919,1.385135135135135,41.49337837837838,High
2086,USA,North America,56.97864864864865,60.95060810810811,1.635135135135135,40.347162162162164,High
2086,Ukraine,Eastern Europe,58.16547297297297,63.98425675675676,1.6891891891891893,41.278243243243246,High
2086,Vietnam,Southeast Asia,60.14574324324324,55.51702702702703,6.385135135135135,44.55668918918919,High
2089,Argentina,South America,56.85689189189189,60.343378378378375,1.8783783783783783,40.68033783783783,High
2089,Australia,Oceania,60.73689189189189,73.35972972972972,9.04054054054054,42.11452702702702,High
2089,Bangladesh,South Asia,58.58966216216216,55.19486486486487,5.783783783783784,42.90006756756757,High
2089,Brazil,South America,61.10695945945946,64.68905405405405,5.695945945945946,43.745000000000005,High
2089,Canada,North America,54.4045945945946,58.19695945945946,0.30405405405405406,38.68945945945946,Moderate
2089,China,East Asia,59.07567567567568,63.24567567567568,1.635135135135135,42.05945945945946,High
2089,Colombia,South America,61.11371621621622,64.91344594594595,5.8108108108108105,43.37175675675676,High
2089,Egypt,North Africa,61.14412162162162,75.99324324324324,10.297297297297296,41.91560810810811,High
2089,Ethiopia,East Africa,59.99932432432432,64.75614864864865,5.756756756756757,42.512635135135135,High
2089,France,Western Europe,57.80918918918919,62.125878378378374,2.114864864864865,41.0852027027027,High
2089,Germany,Western Europe,58.45831081081081,62.76837837837837,1.554054054054054,41.36675675675676,High
2089,Ghana,West Africa,61.020337837837836,63.20918918918918,5.972972972972973,43.88628378378378,High
2089,India,South Asia,61.346824324324324,63.83094594594594,5.966216216216216,44.00331081081081,High
2089,Indonesia,Southeast Asia,58.645067567567565,55.671216216216216,6.6824324324324325,42.887702702702704,High
2089,Iran,West Asia,58.89385135135136,73.38006756756756,9.391891891891891,40.516486486486485,High
2089,Italy,Southern Europe,58.51837837837837,63.47533783783784,1.9391891891891893,41.65513513513513,High
2089,Kenya,East Africa,60.39912162162162,60.80891891891891,6.77027027027027,43.62405405405405,High
2089,Mexico,North America,63.094189189189194,73.11783783783784,19.925675675675677,44.365878378378376,High
2089,Morocco,North Africa,60.09891891891891,73.40641891891892,8.5,41.58297297297297,High
2089,New Zealand,Oceania,58.586216216216215,60.44689189189189,1.4256756756756757,42.15337837837838,High
2089,Nigeria,West Africa,60.25216216216216,65.1125,6.878378378378378,42.77006756756757,High
2089,Pakistan,South Asia,60.854594594594595,73.83567567567567,8.587837837837839,42.10168918918919,High
2089,Papua New Guinea,Oceania,59.45060810810811,56.64675675675675,5.344594594594595,43.60682432432433,High
2089,South Africa,Southern Africa,59.173783783783776,73.97060810810811,10.182432432432432,40.57310810810811,High
2089,Spain,Southern Europe,58.85837837837838,62.866756756756764,1.6216216216216217,42.1872972972973,High
2089,Thailand,Southeast Asia,63.10844594594594,66.17074324324325,6.655405405405405,45.21162162162162,High
2089,Turkey,West Asia,56.86898648648649,60.14263513513514,2.0135135135135136,40.54736486486487,High
2089,USA,North America,57.01668918918919,63.464999999999996,2.108108108108108,40.14202702702703,High
2089,Ukraine,Eastern Europe,58.023378378378375,61.134797297297304,1.6554054054054055,41.30641891891892,High
2089,Vietnam,Southeast Asia,59.618648648648644,58.0804054054054,6.297297297297297,43.39047297297297,High
2092,Argentina,South America,57.47155405405406,61.675810810810816,2.2905405405405403,40.89587837837838,High
2092,Australia,Oceania,61.24216216216216,73.60081081081081,8.797297297297296,42.44939189189189,High
2092,Bangladesh,South Asia,59.47824324324325,55.436621621621626,7.324324324324325,43.75108108108108,High
2092,Brazil,South America,60.71932432432433,64.5822972972973,6.344594594594595,43.25412162162162,High
2092,Canada,North America,53.67560810810811,57.56702702702703,0.16216216216216217,38.012837837837836,Moderate
2092,China,East Asia,58.597905405405406,61.9320945945946,1.385135135135135,41.95912162162162,High
2092,Colombia,South America,60.824121621621615,63.39574324324324,5.824324324324325,43.45236486486486,High
2092,Egypt,North Africa,60.00797297297297,74.05581081081081,9.06081081081081,41.19898648648648,High
2092,Ethiopia,East Africa,61.05587837837838,64.9095945945946,6.047297297297297,43.55918918918919,High
2092,France,Western Europe,57.02141891891892,63.3272972972973,2.8716216216216215,40.178378378378376,High
2092,Germany,Western Europe,58.55202702702703,63.303581081081084,1.4864864864864864,41.71081081081081,High
2092,Ghana,West Africa,62.43689189189189,65.18567567567567,6.412162162162162,44.97506756756757,High
2092,India,South Asia,61.81263513513514,64.49040540540541,6.506756756756757,44.70486486486486,High
2092,Indonesia,Southeast Asia,59.59439189189189,57.12966216216216,5.9324324324324325,43.41817567567568,High
2092,Iran,West Asia,59.362837837837844,74.18702702702703,9.378378378378379,40.79114864864865,High
2092,Italy,Southern Europe,58.54581081081081,65.04168918918919,1.5675675675675675,41.241081081081084,High
2092,Kenya,East Africa,61.59243243243243,63.10182432432432,6.155405405405405,44.222567567567566,High
2092,Mexico,North America,63.93155405405406,71.52486486486487,19.364864864864863,45.2247972972973,High
2092,Morocco,North Africa,59.998378378378376,72.84216216216215,10.14864864864865,41.46195945945946,High
2092,New Zealand,Oceania,58.12567567567568,63.023513513513514,1.635135135135135,41.207364864864864,High
2092,Nigeria,West Africa,60.68297297297297,61.6318918918919,6.527027027027027,43.616013513513515,High
2092,Pakistan,South Asia,58.89222972972973,71.52418918918919,8.635135135135135,40.54121621621622,High
2092,Papua New Guinea,Oceania,58.73472972972973,54.52506756756757,5.574324324324325,42.97452702702702,High
2092,South Africa,Southern Africa,60.10898648648648,74.00418918918919,8.472972972972974,41.18452702702703,High
2092,Spain,Southern Europe,59.3497972972973,63.513648648648655,1.7567567567567568,42.35425675675676,High
2092,Thailand,Southeast Asia,61.850743243243244,64.73027027027027,5.777027027027027,44.36,High
2092,Turkey,West Asia,58.65054054054055,62.571418918918916,1.614864864864865,41.99202702702703,High
2092,USA,North America,57.89581081081081,61.248310810810814,1.9324324324324325,41.33810810810811,High
2092,Ukraine,Eastern Europe,58.20216216216216,60.72189189189189,1.3581081081081081,41.69209459459459,High
2092,Vietnam,Southeast Asia,60.91108108108108,57.628040540540546,6.918918918918919,44.75243243243243,High
2095,Argentina,South America,57.14486486486487,61.844121621621625,1.7094594594594594,40.601554054054056,High
2095,Australia,Oceania,60.85108108108108,73.73695945945946,9.175675675675675,42.22837837837838,High
2095,Bangladesh,South Asia,59.39662162162163,56.23,5.79054054054054,43.564189189189186,High
2095,Brazil,South America,62.026756756756754,63.349999999999994,6.175675675675675,44.76736486486486,High
2095,Canada,North America,53.938986486486485,58.08364864864864,0.20270270270270271,38.364999999999995,Moderate
2095,China,East Asia,59.17337837837838,64.14168918918918,1.2837837837837838,42.05162162162162,High
2095,Colombia,South America,62.092837837837834,65.93641891891892,6.513513513513513,44.42641891891892,High
2095,Egypt,North Africa,60.37560810810811,72.80486486486487,9.31081081081081,41.87506756756757,High
2095,Ethiopia,East Africa,60.25945945945946,63.10533783783784,6.885135135135135,43.0622972972973,High
2095,France,Western Europe,57.826216216216224,63.908648648648644,1.4932432432432432,40.763040540540544,High
2095,Germany,Western Europe,59.219121621621625,63.28682432432433,1.7162162162162162,42.284527027027025,High
2095,Ghana,West Africa,60.5725,64.33743243243244,7.054054054054054,43.1675,High
2095,India,South Asia,62.155,64.19709459459459,7.033783783783784,44.74648648648648,High
2095,Indonesia,Southeast Asia,59.12972972972973,56.65121621621621,6.864864864864865,43.24351351351351,High
2095,Iran,West Asia,59.75006756756757,72.15722972972974,8.925675675675675,41.43114864864865,High
2095,Italy,Southern Europe,58.9875,64.6020945945946,1.8513513513513513,41.81,High
2095,Kenya,East Africa,61.47540540540541,64.61,6.952702702702703,44.075135135135135,High
2095,Mexico,North America,63.21067567567568,73.66824324324324,18.533783783783782,44.49777027027027,High
2095,Morocco,North Africa,59.35932432432433,72.14175675675675,9.222972972972974,41.1552027027027,High
2095,New Zealand,Oceania,57.41141891891891,63.05878378378379,2.25,40.58304054054054,High
2095,Nigeria,West Africa,61.21716216216216,64.35831081081082,6.337837837837838,43.847905405405406,High
2095,Pakistan,South Asia,59.629864864864864,72.48479729729729,9.986486486486486,41.157229729729735,High
2095,Papua New Guinea,Oceania,59.88648648648649,58.155,7.027027027027027,43.50135135135135,High
2095,South Africa,Southern Africa,61.26425675675676,73.85831081081082,10.135135135135135,42.47513513513513,High
2095,Spain,Southern Europe,58.33006756756757,62.04168918918919,1.75,41.505270270270266,High
2095,Thailand,Southeast Asia,62.5247972972973,66.16371621621622,6.128378378378378,44.51527027027027,High
2095,Turkey,West Asia,57.66952702702703,63.41216216216216,1.8108108108108107,40.85945945945946,High
2095,USA,North America,56.72878378378379,61.222500000000004,2.0945945945945947,40.14304054054054,High
2095,Ukraine,Eastern Europe,58.456418918918914,62.88027027027027,1.75,41.56702702702703,High
2095,Vietnam,Southeast Asia,58.660608108108114,56.45155405405406,7.452702702702703,42.7697972972973,High
2098,Argentina,South America,58.77513513513513,63.999121621621626,1.75,41.9127027027027,High
2098,Australia,Oceania,60.964391891891886,73.46520270270271,9.141891891891891,42.31344594594595,High
2098,Bangladesh,South Asia,60.321554054054054,55.787499999999994,6.4324324324324325,44.55074324324325,High
2098,Brazil,South America,61.72837837837837,65.32283783783784,7.047297297297297,44.174932432432435,High
2098,Canada,North America,53.30135135135136,56.46608108108108,0.2972972972972973,37.92168918918919,Moderate
2098,China,East Asia,57.80195945945946,63.97020270270271,2.2635135135135136,40.63716216216216,High
2098,Colombia,South America,61.6318918918919,65.05466216216216,6.135135135135135,44.23425675675676,High
2098,Egypt,North Africa,59.80824324324325,74.97959459459459,10.304054054054054,41.046554054054056,High
2098,Ethiopia,East Africa,61.489729729729724,64.96141891891892,6.97972972972973,44.00243243243243,High
2098,France,Western Europe,57.79750000000001,62.47202702702703,1.5067567567567568,41.20621621621622,High
2098,Germany,Western Europe,57.75108108108108,62.43682432432432,1.472972972972973,40.91202702702702,High
2098,Ghana,West Africa,59.11952702702703,63.905878378378375,7.486486486486487,41.70716216216216,High
2098,India,South Asia,60.57121621621622,62.667229729729726,5.6891891891891895,43.343445945945945,High
2098,Indonesia,Southeast Asia,59.94148648648649,56.1429054054054,7.304054054054054,44.205,High
2098,Iran,West Asia,60.163040540540536,72.10702702702703,9.297297297297296,41.582905405405405,High
2098,Italy,Southern Europe,58.814391891891894,61.53858108108108,2.141891891891892,42.18047297297297,High
2098,Kenya,East Africa,62.75060810810811,65.44804054054053,6.506756756756757,44.99864864864865,High
2098,Mexico,North America,63.16101351351351,72.28635135135134,18.2027027027027,44.436013513513515,High
2098,Morocco,North Africa,60.30108108108108,73.51385135135135,9.128378378378379,41.71743243243243,High
2098,New Zealand,Oceania,56.486554054054054,60.225540540540536,1.6554054054054055,40.29304054054054,High
2098,Nigeria,West Africa,62.805540540540534,65.45135135135135,5.722972972972973,45.03324324324324,High
2098,Pakistan,South Asia,60.23128378378378,73.55587837837838,10.202702702702704,41.88993243243243,High
2098,Papua New Guinea,Oceania,60.17216216216216,57.468310810810806,6.77027027027027,43.90702702702703,High
2098,South Africa,Southern Africa,60.65783783783784,76.80824324324325,9.121621621621621,41.47858108108108,High
2098,Spain,Southern Europe,56.909932432432434,60.752500000000005,1.885135135135135,40.52621621621622,High
2098,Thailand,Southeast Asia,61.51101351351351,66.02195945945945,6.9324324324324325,43.80236486486486,High
2098,Turkey,West Asia,57.73398648648648,62.98952702702703,1.9324324324324325,40.93506756756757,High
2098,USA,North America,58.23412162162162,63.4706081081081,2.25,41.33006756756757,High
2098,Ukraine,Eastern Europe,56.611959459459456,61.45290540540541,1.5405405405405406,39.899324324324326,High
2098,Vietnam,Southeast Asia,59.38817567567568,58.26398648648649,7.094594594594595,43.25385135135135,High
2100,Argentina,South America,56.868040540540534,62.505135135135134,1.8513513513513513,39.93358108108108,High
2100,Australia,Oceania,61.16472972972972,74.47675675675676,10.054054054054054,42.23094594594595,High
2100,Bangladesh,South Asia,59.33851351351352,57.96331081081081,6.331081081081081,43.134189189189186,High
2100,Brazil,South America,60.839256756756754,64.34060810810811,7.371621621621622,43.56506756756757,High
2100,Canada,North America,55.24351351351351,58.177702702702696,0.24324324324324326,39.46581081081081,High
2100,China,East Asia,57.72452702702702,61.63810810810811,1.4932432432432432,41.357837837837835,High
2100,Colombia,South America,61.55797297297297,65.2966891891892,7.513513513513513,43.93135135135135,High
2100,Egypt,North Africa,60.71060810810811,76.69202702702702,9.574324324324325,41.635540540540546,High
2100,Ethiopia,East Africa,61.37851351351352,65.93013513513513,7.202702702702703,43.94162162162162,High
2100,France,Western Europe,57.932702702702706,62.41925675675675,2.168918918918919,41.097094594594594,High
2100,Germany,Western Europe,57.56932432432433,63.10297297297297,1.5472972972972974,40.651689189189185,High
2100,Ghana,West Africa,61.101351351351354,64.25074324324325,6.256756756756757,43.60114864864865,High
2100,India,South Asia,61.52310810810811,65.02594594594595,6.641891891891892,44.0802027027027,High
2100,Indonesia,Southeast Asia,59.65405405405405,58.152027027027025,6.135135135135135,43.40391891891892,High
2100,Iran,West Asia,60.19668918918919,73.18445945945946,9.20945945945946,41.55243243243243,High
2100,Italy,Southern Europe,57.445810810810805,61.84959459459459,2.6216216216216215,40.79513513513514,High
2100,Kenya,East Africa,61.88831081081081,65.84229729729729,6.027027027027027,44.23202702702703,High
2100,Mexico,North America,64.05999999999999,73.91527027027027,20.33108108108108,45.00087837837838,High
2100,Morocco,North Africa,59.33486486486486,72.1806081081081,9.412162162162161,40.946689189189186,High
2100,New Zealand,Oceania,57.34202702702703,62.468513513513514,2.2635135135135136,40.508783783783784,High
2100,Nigeria,West Africa,61.49587837837837,64.24648648648649,6.087837837837838,44.16486486486486,High
2100,Pakistan,South Asia,59.79121621621622,72.3433108108108,10.054054054054054,41.379932432432426,High
2100,Papua New Guinea,Oceania,59.03952702702703,55.12398648648649,7.743243243243243,43.27290540540541,High
2100,South Africa,Southern Africa,61.630878378378384,74.33621621621622,9.175675675675675,42.64236486486486,High
2100,Spain,Southern Europe,58.25452702702703,61.53351351351352,1.9391891891891893,41.47614864864865,High
2100,Thailand,Southeast Asia,61.520472972972975,64.47682432432433,7.783783783783784,44.01560810810811,High
2100,Turkey,West Asia,57.59209459459459,62.17243243243244,2.3175675675675675,40.92527027027027,High
2100,USA,North America,57.58135135135136,62.07695945945945,2.358108108108108,41.04682432432433,High
2100,Ukraine,Eastern Europe,57.40783783783784,62.72047297297297,1.7905405405405406,40.634324324324325,High
2100,Vietnam,Southeast Asia,59.01986486486487,55.50067567567568,6.574324324324325,43.39425675675676,High
